name,lat,lng,neighborhood,address,website_url
,52.4860637,13.2961907,,"Warmbrunner Str. 52, 14193 Berlin",
_innenraum,52.5254124,13.4436326,,"Landsberger Allee 61, 10249 Berlin",
"– Brennpunkt „Gärten der Welt“ (postalisch: Blumberger Damm 44, 12685 Berlin-MaHe)",52.5381027,13.5696215,,"Blumberger Damm 44, 12685, Berlin",
://about blank,52.5025323,13.4663728,,"Markgrafendamm 24c, Berlin",
.,52.4940671,13.4260049,Berlin,"Maybachufer 16, 12047, Berlin",
"„East Side Gallery“, Mühlenstraße",52.5651566,13.4069856,,"Mühlenstr. 70, 10243, Berlin",
"„ocelot, not just another bookstore“",52.5275,13.3985,,,
"""Zeit ist Knapp"" im Steglitzer Kreisel",52.5004388,13.5224249,Steglitz-Zehlendorf,"Schloßstraße 83, 12165, Berlin",
100 Gramm Bar,52.5306019,13.4017406,,,
2RadLaden,52.4532747,13.1425952,Spandau,"Sakrower Landstraße 4, 14089, Berlin",
800A,52.553832,13.3873281,,,
8MM,52.5296,13.4098,Berlin,"Schönhauser Allee 177b, 10119 Berlin",
8mm Bar,52.5312243,13.4115684,,,
90mil,52.5124511,13.4255606,Berlin,"Holzmarktstrasse 19-23, 10243 Berlin",
A Livraria & MondoLibro,52.5293382,13.3964537,Mitte,"Torstr. 159, 10115, Berlin",
A-Trane,52.5073394,13.3200854,,"Bleibtreustr. 1, 10623 Berlin",
Abgeordnetenhaus von Berlin,52.5078666,13.3815043,Mitte,"Niederkirchnerstraße 5, 10117, Berlin",
Ableton AG,52.5295971,13.4103375,,"Schönhauser Allee 6/7, 10119 Berlin",
Acker e.V.,52.4669474,13.36592,,"Bessemerstraße 2-14, 12103 Berlin",
Acker Stadt Palast,52.5298863,13.397164,,"Ackerstr. 169, 10115 Berlin",
Ackerstraße 116A,52.53758,13.38474,,"Ackerstraße 116A, 13355 Berlin",
Ackerstraße 12,52.5308991,13.3970292,,"Ackerstraße 12, 10115 Berlin",
Acud Macht NEU,52.5333,13.401,Berlin,"Veteranenstraße 21, 10119 Berlin, Germany",
ACUD Theater,52.5334318,13.4009767,,,
adesso SE,52.5024891,13.410023,,"Prinzenstraße 34, 10969 Berlin",
Admiralspalast,52.5207714,13.3889021,,"Friedrichstraße 101, Berlin",
Adolf-Reichwein-Bibliothek (im Rathaus Schmargendorf),52.4775843,13.2878878,Charlottenburg-Wilmersdorf,"Berkaer Str. 7, 14199, Berlin",
ÆDEN,52.4979653,13.4499169,Berlin,"Schleusenufer 2, 10997 Berlin",
ahorn,52.4872967,13.4255004,,"Hermannplatz 8, 10967 Berlin",
Akademie der Künste,52.5154125,13.379618,,"Hanseatenweg 10, Berlin",
Akademie der Künste | Pariser Platz,52.5154125,13.379618,,,
Akademie der Künste am Pariser Platz,52.5154125,13.379618,,"Pariser Pl. 4, 10117 Berlin",
Akademie der Künste Hanseatenweg,52.5183273,13.3468408,,"Hanseatenweg 10, 10557 Berlin",
Alexanderplatz,52.5212845,13.4097989,Mitte,"10178, Berlin ",
Alfred Ehrhardt Stiftung,52.5266031,13.3939073,,"Auguststr. 75, 10117 Berlin",
Alice – Museum für Kinder im FEZ-Berlin,52.4610303,13.5486588,,"Straße zum FEZ 2, Berlin",
Alice-Salomon-Platz,52.5373817,13.6034359,Marzahn-Hellersdorf,"Alice-Salomon-Platz 3, 12627, Berlin",
Alte Fasanerie – Familienfarm Lübars,52.607586,13.3660716,,"Alte Fasanerie 10, Berlin",
alte feuerwache - projektraum,52.5162846,13.4422906,,"Marchlewskistr. 6, 10243 Berlin",
Alte Kantine,52.5395329,13.4136676,,,
Alte Kantine Gesundbrunnen,52.553136,13.3740044,,"Uferstraße 8-11, 13357 Berlin",
Alte Kantine Kulturbrauerei,52.5402922,13.4140783,Pankow,"Knaackstraße 97, 10435 , Berlin",
Alte Münze,52.5161294,13.4090769,Berlin,"Molkenmarkt 2, 10179 Berlin",
Alte Pumpe,52.501,13.369,,"Lützowstr. 42, 10785 Berlin",
Alte Schönhauser Str. 3,52.528063,13.4087163,,"Alte Schönhauser Straße 3, 10119 Berlin",
Alter Park,52.4637418,13.3848767,Tempelhof-Schöneberg,"Parkstr. 1A, 12103, Berlin",
Altes Museum,52.5184273,13.400893,,"Am Lustgarten, Berlin",
Am Kiehlufer,52.4838343,13.4479743,Neukölln,"Kiehlufer 75-79, 12059, Berlin",
am Rathaus Schöneberg,52.484666,13.3429486,Tempelhof-Schöneberg,"John-F.-Kennedy-Platz und Freiherr-vom-Stein-Straße, 10825, Berlin",
Am Tempelhofer Berg 6,52.4888764,13.3872799,,"Am Tempelhofer Berg 6 in der Mampe-Manufaktur, 10965 Berlin",
American Church in Berlin - Lutherkirche am Dennewitzplatz,52.4960849,13.3662477,,"Dennewitzplatz 1, 10783 Berlin",
Amerika-Gedenkbibliothek,52.4965672,13.3924936,,"Blücherplatz 1, Berlin",
Amerika-Gedenkbibliothek der ZLB,52.4965672,13.3924936,Friedrichshain-Kreuzberg,"Blücherplatz 1, 10961, Berlin",
AMT,52.5139807,13.3998494,Berlin,,
Anna Spree,52.5198045,13.3286021,,"Franklinstr. 10, 10587 Berlin",
Anna-Freud-Schule (OSZ Sozialwesen),52.5380635,13.2876166,Charlottenburg-Wilmersdorf,"Halemweg 22, 13627, Berlin",
Anna-Seghers-Bibliothek,52.5649762,13.5061185,,"Prerower Platz 2, 13051",
Anna-Seghers-Bibliothek im Linden-Center Hohenschönhausen,52.5649762,13.5061185,Lichtenberg,"Prerower Platz 2, 13051, Berlin",
Anna-Seghers-Museum,52.438,13.53,,"Anna-Seghers-Str. 81, 12489 Berlin",
Anne Frank Zentrum e.V.,52.5244928,13.4019195,,"Rosenthaler Straße 39, Berlin",
ANOHA - Kinderwelt des Jüdischen Museums Berlin,52.5029139,13.3929266,,"Fromet-und-Moses-Mendelssohn-Platz 1, Berlin",
ANOHA – Die Kinderwelt des Jüdischen Museums Berlin,52.5029139,13.3929266,,"Fromet-und-Moses-Mendelssohn-Pl. 1, 10969 Berlin",
Anti-Kriegs-Museum,52.5460206,13.3479549,,"Brüsseler Str. 21, 13353 Berlin",
Antikmarkt am Ostbahnhof,52.5108583,13.4357968,,,
Anton Saefkow Bibliothek,52.5306269,13.4705099,,"Anton-Saefkow-Platz 14, Berlin",
Anton-Saefkow-Bibliothek,52.5306269,13.4705099,Lichtenberg,"Anton-Saefkow-Platz 14, 10369, Berlin",
Apostel-Paulus-Kirche Schöneberg,52.4891632,13.3527499,,"Grunewaldstr. 77a, 10823 Berlin",
AQUAHÖFE Berlin (AHB),52.51,13.38,,,
Arbeit und Leben Berlin-Brandenburg gGmbH,52.455915,13.3890599,Tempelhof-Schöneberg,"Lorenzweg 5, 12099, Berlin ",
Arcanoa,52.4844,13.3895,,"Am Tempelhofer Berg 8, 10965 Berlin",
Archenhold-Sternwarte,52.4858552,13.4763288,,"Alt-Treptow 1, Berlin",
Architektenkammer Berlin,52.4993004,13.3960373,Friedrichshain-Kreuzberg,"Alte Jakobstr. 149, 10969 , Berlin",
Arena Berlin,52.49694,13.4540533,Treptow-Köpenick,"Eichenstraße 4, 12435, Berlin",
arkaoda Berlin,52.4738852,13.4425685,Berlin,"Karl-Marx Platz 16 12043 Berlin, Germany",
Arndt-Gymnasium Dahlem,52.4585711,13.2796401,Steglitz-Zehlendorf,"Königin-Luise-Straße 80 - 84, 14195 , Berlin",
Arnswalder Platz,52.5330863,13.4372299,,"Arnswalder Platz, Berlin",
Art Stalker,52.5092347,13.3022355,Charlottenburg-Wilmersdorf,"Kaiser-Friedrich-Straße 67, 10627, Berlin",
ART Stalker,52.509259,13.3021631,,,
ART Stalker - Kunst + Bar + Events,52.53,13.4,,,
"ArtSalon, KiezKultur, Nachbarschaftshaus am Lietzensee",52.505,13.29,,,
Ärztehaus,52.5227827,13.4409005,Friedrichshain-Kreuzberg,"Matthiasstr. 7, 10249, Berlin",
Aspria Berlin Ku'damm,52.5003618,13.2942559,,"Karlsruher Straße 20, Berlin",
Astra,52.5073827,13.4518947,,,
Astra Kulturhaus,52.5077001,13.4519445,,"Revaler Straße 99, 10245 Berlin",
Astrid-Lindgren-Bühne FEZ-Berlin,52.4610303,13.5486588,,"Straße zum FEZ 2, Berlin",
Astrid-Lindgren-Bühne im FEZ Berlin,52.4610303,13.5486588,,"Str. zum FEZ 2, 12459 Berlin",
Astrid-Lindgren-Bühne im FEZ-Berlin,52.457,13.535,,,
Ateliergemeinschaft Milchhof e. V.,52.5386181,13.4043436,,"Schwedter Str. 232, 10435 Berlin",
Atlantik bar,52.5327249,13.4143642,Berlin,"Kollwitzstrasse 18, 10405 Berlin",
ATZE Musiktheater,52.5432807,13.3515668,,"Luxemburger Straße 20, Berlin",
AUDIOWERK BERLIN,52.5018595,13.3685089,,"Lützowstraße 102-104 2nd court, staircase C, II Floor, 10785 Berlin",
Auditorium of bUm,52.4937164,13.4296437,,"Paul-Lincke-Ufer 21, 10999 Berlin",
Auenkirche,52.4849254,13.3238947,Charlottenburg-Wilmersdorf,"Wilhelmsaue 118, 10715, Berlin",
Auf dem Augustaplatz,52.4428381,13.3113628,Steglitz-Zehlendorf,"12203, Berlin ",
Ausland,52.5448387,13.4194785,Berlin,Lychener Strasse 60; Prenzlauer Berg; 10437 Berlin; Germany,
AVA Club,52.5028375,13.4473204,,"Warschauer Platz 18, 10245 Berlin",
AWO Stadtteiltreff Hellersdorf-Nord,52.5398963,13.6000277,Charlottenburg-Wilmersdorf,"Kastanienallee 53, 12627, Berlin",
"AWO Stadtteiltreff Mahlsdorf Süd, Haus der Begegnung",52.483704,13.602655,Marzahn-Hellersdorf,"Hultschiner Damm 98, 12623, Berlin",
AXICA Kongress- und Tagungszentrum,52.5156959,13.3789726,,"Pariser Platz 3, 10117 Berlin",
Axica Kongress- und Tagungszentrum (im Hause der DZ Bank),52.515379,13.3790482,Mitte,"Pariser Platz 3, 10178, Berlin",
B-flat Berlin,52.5228,13.4094,Mitte,"Dircksenstraße 40, 10178 Berlin",
B.L.O-Ateliers,52.5048444,13.4834737,Berlin,Kaskelstrasse 55; Berlin; 10317; Germany,
Babylon,52.5258989,13.4114358,,"Rosa-Luxemburg-Str. 30, 10178 Berlin",
Badehaus,52.5072971,13.4527414,,"Revaler Str. 99, 10245 Berlin",
Badehaus Berlin,52.6324304,13.5065749,,,
Badehaus Szimpla,52.5072813,13.4539794,,"Revaler Straße 99 RAW Gelände, 10245 Berlin",
Bahnhof  Berlin - Ostbahnhof     (vor dem DB-Reisezentrum),52.5107813,13.4327196,Friedrichshain-Kreuzberg,"Koppenstraße 3, 10243, Berlin",
Bahnhofstraße 28,52.4014805,13.3997526,Tempelhof-Schöneberg,"12305, Berlin ",
Baiz,52.5359511,13.4126884,,"Schönhauser Allee 26a, 10435 Berlin",
Bali Kino,52.4319681,13.2592782,,"Teltower Damm 33, Berlin",
BALI-Kino,52.4319681,13.2592782,Steglitz-Zehlendorf,"Teltower Damm 33, 14169, Berlin-Zehlendorf",
Ballhaus Berlin GmbH,52.5322213,13.3804414,,"Chausseestraße 102, 10115 Berlin",
Ballhaus Naunynstraße,52.5020031,13.4213249,,,
Ballhaus Ost,52.5430767,13.4149784,,,
Ballhaus Prinzenallee,52.5577738,13.3864077,Mitte,"Prinzenallee 33, 13359, Berlin",
Ballhaus Wedding,52.5565355,13.3889798,,"Wriezener Str. 6, 13359 Berlin",
Bar Aedes Architekturforum,52.5321377,13.4108574,,"Christinenstraße 18, 10119 Berlin",
Bar Am Ufer,52.4838,13.443,,"Kiehlufer 121, 12059 Berlin",
Bar Bobu,52.5121173,13.4707775,,,
BAR JEDER VERNUNFT,52.4980063,13.329586,,,
Bar Neun,52.499,13.435,Berlin,"Pücklerstraße 34, 10997 Berlin, Germany",
Bar Neun (Markthalle Neun),52.5022,13.4315,Kreuzberg,"Eisenbahnstraße 42-43, 10997 Berlin",
BAR TAUSEND,52.5208236,13.3847097,,,
Bar131,52.5273596,13.3865749,Berlin,"Chausseestraße 131A, 10115 Berlin, Germany",
Bärentouren,52.5460614,13.3799699,,"Hochstr. 18, 13357 Berlin",
Bärenzwinger,52.5125985,13.4159358,Mitte,"Rungestraße 30, 10179, Berlin",
Barkett,52.488058,13.3640294,,,
BAUFACHFRAU Berlin e.V.,52.5483268,13.4445998,,"Lehderstraße 108, 13086 Berlin",
Bauhaus-Archiv - Museum für Gestaltung,52.506344,13.3538319,,"Klingelhöferstr. 14, 10785 Berlin",
Bauhaus-Archiv / Museum für Gestaltung,52.4443357,13.2939722,,"Knesebeckstraße 1, Berlin",
Beate Uwe,52.5174812,13.419024,Berlin,"Schillingstr. 31, 10179, Berlin",
Bebelplatz,52.5164872,13.3938262,,"Bebelplatz, Berlin",
Begegnungsstätte Falckensteinstraße,52.499513,13.4427102,Friedrichshain-Kreuzberg,"Falckensteinstraße 6, 10997, Berlin",
Begine,52.4967592,13.3618488,,"Potsdamer Str. 139, 10783 Berlin",
BEGiNE - Treffpunkt & Kultur für Frauen e.V.,52.4967592,13.3618488,Tempelhof-Schöneberg,"Potsdamer Str. 139, 10783, Berlin",
Ben Blu's Illusionstheater,52.502106,13.3293345,,"Meinekestraße 24, Berlin",
Ben Blu’s Illusionstheater,52.502106,13.3293345,,"Meinekestr. 24, 10719 Berlin",
Berghain | Panorama Bar | Säule,52.5114484,13.4407738,Berlin,70 Am Wriezener Bahnhof; Friedrichshain; 10243 Berlin; Germany,
Berlin,52.5063625,13.3324146,,,
Berlin Central Station,52.5250839,13.369402,,"Europaplatz 1, 10557 Berlin",
Berlin Hauptbahnhof,52.5251951,13.3693321,Mitte,"Europaplatz 1, 10557, Berlin",
Berlin Hauptbahnhof & Regierungsviertel,52.5241928,13.3690938,,"Washingtonplatz, 10557 Berlin",
Berlin Hermannplatz,52.4873922,13.4255186,,,
Berlin Kreuzberg,52.4880037,13.4089223,,,
Berlin Mitte,52.5061215,13.3634748,,"Reichpietschufer 60-62 vor dem Shell-Haus (Kreuzung Stauffenbergstr. und Reichpietschufer), 10785 Berlin",
Berlin Partner für Wirtschaft und Technologie GmbH,52.5068966,13.3285832,Charlottenburg-Wilmersdorf,"Fasanenstraße 85, 10623, Berlin",
Berlin Prenzlauer Berg,52.5431548,13.4142273,,,
Berlin Uber-Arena & Umgebung,52.5063749,13.4394473,,"Koppenstraße 8, 10243 Berlin",
Berlin-Brandenburgische Akademie der Wissenschaften,52.5139554,13.3934782,,"Markgrafenstraße 38, 10117 Berlin",
Berlin-Karow/Achillesstr.,52.617089,13.4893426,,"Achillesstr., Berlin",
Berlin-Neukölln,52.4811497,13.4353501,,,
Berliner Compagnie,52.5031534,13.428371,,"Muskauer Str. 20a, 10997 Berlin",
Berliner Ensemble,52.5221371,13.3856798,,"Bertolt-Brecht-Platz 1, 10117 Berlin",
Berliner Festspiele,52.4986265,13.3287067,,,
Berliner Kriminal Theater,52.518,13.389,,,
Berliner Kunstmarkt an der Museumsinsel,52.521,13.396,,,
Berliner Landesinstitut für Qualifizierung und Qualitätsentwicklung an Schulen (BLiQ),52.5185199,13.2800598,Charlottenburg-Wilmersdorf,"Fürstenbrunner Weg 22-30, 14059, Berlin",
Berliner Landeszentrale für politische Bildung,52.5065665,13.3306054,,"Revaler Str. 29, Berlin",
Berliner Landeszentrale für politische Bildung – Besuchszentrum Ostkreuz,52.5051417,13.4620154,Friedrichshain-Kreuzberg,"Revaler Straße 29, 10245, Berlin",
Berliner Medizinhistorisches Museum der Charité,52.5260387,13.3747506,,"Virchowweg 16, 10117 Berlin",
Berliner Ringtheater,52.5151698,13.409647,,"Am Krögel 2, 10179 Berlin",
"Berliner Sparkasse, Max Liebermann Haus",52.516709,13.3778222,,"Pariser Platz 7, 10117 Berlin",
Berliner Stadtbibliothek,52.5156997,13.4045784,Mitte,"Breite Str. 30-36, 10178, Berlin",
Berlinische Galerie,52.5039063,13.3982331,,"Alte Jakobstrasse 124-128, Berlin",
BerlinSicht,52.4942162,13.3028827,,10709 Berlin,
Berufliche Schule für Sozialwesen Pankow,52.5938853,13.4004528,Pankow,"Erbeskopfweg 6-10, 13158 , Berlin",
Berufsinformationszentrum (BIZ) der Agentur für Arbeit Berlin Mitte,52.5056512,13.3909667,Mitte,"Friedrichstraße 39, 10969, Berlin",
Berufsinformationszentrum (BiZ) der Agentur für Arbeit Berlin Nord,52.5159482,13.2801999,Charlottenburg-Wilmersdorf,"Königin-Elisabeth-Str. 49, 14059, Berlin",
Berufsinformationszentrum (BiZ) der Agentur für Arbeit Berlin Süd,52.4696956,13.4648536,Neukölln,"Sonnenallee  282, 12057, Berlin",
"betahaus | Kreuzberg (Coworking, Private Offices & Event Spaces)",52.5065997,13.3915696,,"Rudi-Dutschke-Straße 23, 10969 Berlin",
Bettina-von-Arnim-Bibliothek,52.549382,13.4137007,,"Schönhauser Allee 75, 10439",
BEYDES New Working Culture,52.5889944,13.2869969,,"Grußdorfstraße 3, 13507 Berlin",
Bezirk Lichtenberg,52.5159163,13.4795659,Lichtenberg,,
Bezirkszentralbibliothek im Eva-Maria-Buch-Haus,52.4637788,13.3877841,Tempelhof-Schöneberg,"Götzstr. 8-12, 12099, Berlin",
Bezirkszentralbibliothek Pablo Neruda,52.514551,13.4570531,Friedrichshain-Kreuzberg,"Frankfurter Allee 14A, 10247, Berlin",
BGS Falcke,52.499513,13.4427102,Friedrichshain-Kreuzberg,"Falckensteinstr. 6, 10997, Berlin",
BGS Gitschiner,52.497845,13.4100221,Friedrichshain-Kreuzberg,"Gitschiner Str. 38, 10969, Berlin",
BGS Kadiner,52.5152639,13.4507691,Friedrichshain-Kreuzberg,"Kadiner Str. 1, 10243, Berlin ",
BGS Kadiner - Lebensfreude,52.5152639,13.4507691,Friedrichshain-Kreuzberg,"Kadiner Str. 1, 10243, Berlin",
Bi Nuu,52.5003736,13.4408463,,"Skalitzer Straße 72, 10997 Berlin",
"Bibliothek ""Heinrich von Kleist""  12689 Berlin",52.5682736,13.5739696,Marzahn-Hellersdorf,"Havemannstraße 17 B, 12689, Berlin",
Bibliothek am Luisenbad,52.553614,13.3794962,Mitte,"Badstraße 39, 13357 , Berlin",
Bibliothek am Schäfersee,52.5611031,13.3651189,,"Markstraße 36, Berlin",
Bibliothek am Wasserturm,52.5333155,13.4202437,,"Prenzlauer Allee 227/228, Berlin",
Bibliothek im Märkischen Viertel,52.5976675,13.3523189,Reinickendorf,"Wilhelmsruher Damm 142 c, 13439, Berlin",
Bibliothek im Märkischen Viertel – Stadtbibliothek Reinickendorf,52.5976675,13.3523189,,"Wilhelmsruher Damm 142c, Berlin",
Bibliothek Tiergarten-Süd,52.5037597,13.3634291,Mitte,"Lützowstr. 27, 10785 , Berlin",
Biergarten Jockel,52.4917652,13.4382485,,"Ratiborstraße 14 c, Berlin",
Biesdorf Center,52.5063924,13.5579287,,"Weißenhöher Str. 108, Berlin",
BIMM University Berlin - House of Music,52.5067596,13.4533389,,"Revaler Straße 99, 10245 Berlin",
BIMM University Berlin – Molecule Studios,52.492706,13.4503159,,"Bouchéstraße 12 #Haus 1, 12435 Berlin",
Biosphäre Potsdam,52.4184868,13.0487032,,"Georg-Hermann-Allee 99, Potsdam",
"Birger-Forell-Schule, Aula",52.4805931,13.3224208,Charlottenburg-Wilmersdorf,"Koblenzer Straße 22 - 24, 10715 , Berlin",
BIWOC* Rising,52.5005966,13.4175196,,"Dresdener Straße 11, 10999 Berlin",
BKA,52.4936405,13.3876998,,"Mehringdamm 34, 10961 Berlin",
BKA Theater,52.4936405,13.3876998,,,
BlaueZitrone – Kunstatelier für Kinder und Events,52.3981512,13.1377402,,"Stubenrauchstrasse 50, Berlin",
Block1,52.4835359,13.5015587,Berlin,"Blockdammweg 1, Berlin 10317",
Bluemax Theater,52.506926,13.3733397,,"Marlene-Dietrich-Pl. 4, 10785 Berlin",
Blumental,52.50584,13.4213038,,"Engeldamm 64, 10179 Berlin",
BMW Motorrad Welt,52.5395,13.2183,,"Am Juliusturm 32, Berlin",
Bode-Museum,52.5216902,13.3932494,,"Am Kupfergraben, Berlin",
Bodo-Uhse-Bibliothek,52.4975398,13.5203133,,"Erich-Kurz-Straße 9, Berlin",
Bohnengold,52.4975635,13.424255,Berlin,"Reichenberger Str. 153, 10999 Berlin",
Bolinas Kaffee und Laden,52.4833303,13.3821531,,"Manfred-von-Richthofen-Str. 16, Berlin",
Bonvivant Cocktail Bistro,52.4946487,13.3537681,,"Goltzstraße 32, 10781 Berlin",
Botanischer Garten Berlin,52.4554846,13.3022697,,,
Botanischer Garten Potsdam,52.4037314,13.0268883,,"Maulbeerallee 2, 14469 Potsdam",
BQ,52.5173,13.4398,,"Weydingerstr. 10, 10178 Berlin",
Brandenburger Tor,52.5163514,13.3786908,,"Pariser Platz, Berlin",
Brandenburger Tor/Straße des 17. Juni,52.5162919,13.3757675,,,
Brauhaus Neulich,52.4784374,13.419898,,,
Bredouille,52.5200011,13.3898465,Berlin,"S-Bahnbogen 199, Georgenstraße, 10117 Berlin, Germany",
Breslauer Platz,52.4721139,13.3355092,,"Breslauer Platz 0, 12159, Berlin",
Brillat-Savarin-Schule (OSZ Gastgewerbe),52.56,13.47,Pankow,"Filiale Darßer Strasse 97, 13051, Berlin",
Britzer Garten,52.4337813,13.4172828,,"Buckower Damm 164, Berlin",
Bröhan-Museum,52.5186465,13.295397,,"Schloßstrasse 1a, Berlin",
Brotfabrik,52.5525923,13.4305919,,"Caligariplatz 1, Berlin",
Brotfabrik Galerie,52.5525923,13.4305919,,"Caligaripl. 1, 13086 Berlin",
Brücke-Museum,52.4669327,13.2747539,,"Bussardsteig 9, 14195 Berlin",
Brücke-Museum Berlin,52.4669327,13.2747539,,"Bussardsteig 9, Berlin",
Bruno-Lösche- Bibliothek,52.5312448,13.3475136,Mitte,"Perleberger Str. 33, 10559 , Berlin",
BUCHBOX! am Helmholzplatz,52.5415,13.419,,,
Buchbox! Kastanienallee,52.537,13.41,,"Kastanienallee 97, 10435 Berlin",
Buchhandlung Knesebeck Elf,52.508,13.322,,"Knesebeckstr. 11, 10623 Berlin",
Buddha Haus,52.4869145,13.3549853,,"Akazienstraße 27, 10823 Berlin",
Bühnen Rausch,52.52,13.405,,,
"Building Gauss (B), Berliner Hochschule für Technik (BHT)",52.5434761,13.3513991,,"Luxemburger Straße 20a, 13353 Berlin",
Bulbul Berlin,52.499358,13.4242518,Berlin,"Skalitzer str. 114, 10999 Berlin, Germany",
Bundeskanzleramt,52.5201946,13.3691292,,,
Bundesplatz,52.4801706,13.3278832,,"Bundesplatz 1, 10715, Berlin",
Burg Beeskow,52.1732,14.2474,,"Frankfurter Straße 23, Beeskow",
Bürgerhaus Neuenhagen,52.5214045,13.7046552,,"Hauptstraße 2, Neuenhagen",
Bürgermeister-Herz-Grundschule,52.4944373,13.4053974,,"Wilmsstraße 10, Berlin",
Bürgertreffpunkt Bahnhof Lichterfelde West,52.4432043,13.2943921,Steglitz-Zehlendorf,"Hans-Sachs-Str. 4 d, 12205, Berlin ",
C/O Berlin,52.5065665,13.3306054,,"Hardenbergstr. 22-24, 10623 Berlin",
C115,52.51,13.26,Berlin,"Messedamm 23, 14055 Berlin",
Cabuwazi - Zelt Tempelhof,52.485,13.39,,"Columbiadamm 84, 10965 Berlin",
CABUWAZI Altglienicke,52.4040451,13.5326808,,"Venusstr. 90, Berlin",
CABUWAZI Tempelhof,52.4819481,13.4016791,,"Columbiadamm 84, Berlin",
CABUWAZI Treptow,52.4893088,13.4481772,,"Bouchéstr. 74, Berlin",
Café Chagall,52.5313153,13.412804,,,
Café LULO - Specialty Colombian Coffee & Roastery,52.4643431,13.4217929,,"Eschersheimer Straße 41, 12099 Berlin",
Callie's,52.5436495,13.367502,Berlin,"Lindower Str. 20, 13347 Berlin, Germany",
Capitain Petzel,52.5175,13.4384,,"Karl-Marx-Allee 45, 10178 Berlin",
Cassiopeia,52.5072453,13.4547886,,,
Catalyst - Institute for Creative Arts and Technology,52.4795432,13.5002785,,"Nalepastraße 18, 12459 Berlin",
Chamäleon,52.524042,13.402083,,"Rosenthaler Str. 40-41, 10178 Berlin",
Chamäleon Theater,52.524042,13.402083,,,
Charité Campus Benjamin Franklin,52.4434756,13.3234169,Steglitz-Zehlendorf,"Hindenburgdamm 30, 12203, Berlin",
Charlottchen,52.5026974,13.3004951,,"Droysenstraße 1, Berlin",
Christuskirche Berlin-Kreuzberg,52.4919255,13.4201772,,"Dieffenbachstr. 39, Berlin",
ciao ciao Bar,52.5009527,13.4446617,Berlin,"Falckensteinstr. 47 / 48, 10997 Berlin",
CIC Berlin,52.4940361,13.4462696,,"Lohmühlenstraße 65, 12435 Berlin",
Cineplex Alhambra,52.5505689,13.3511332,,"Seestraße 94, Berlin",
Cineplex Spandau,52.5384815,13.2063163,,"Havelstraße 20, Berlin",
Circus Schatzinsel,52.5015319,13.4439606,,"May-Ayim-Ufer 4, 10997 Berlin",
Clärchens Ballhaus,52.527156,13.3975209,,"Auguststr. 24/25, 10117 Berlin",
Clash Kitchens & Bar im NYX Hotel Berlin Köpenick,52.445,13.575,,,
Clay Garden Pottery Studio,52.51,13.42,,,
Club der Visionaere,52.4967959,13.4504805,Berlin,"Am Flutgraben 1, 12435 Berlin, Germany",
Coaching Akademie Berlin | NIKISPACE,52.5170842,13.4057532,,"Poststraße 4-5 (in den Kurfürstenhöfen), 10178 Berlin",
Coco Boule,52.5029816,13.4099357,Berlin,"Prinzenstraße 85/D-F, 10969 Berlin, Germany",
Cocoon Berlin,52.5540174,13.3746948,Berlin,"Exerzierstraße 14, 13357",
COLORB(L)IND,52.5503443,13.3493888,,"Cornelius-Fredericks-Str. 8, Berlin",
Colosseum Berlin,52.5478942,13.4130423,Pankow,"Gleimstraße 31, 10437, Berlin",
Colosseum Filmtheater,52.547,13.41,,"Schönhauser Allee 123, 10437 Berlin",
Colosseum Kino,52.5479337,13.4121388,,"Schönhauser Allee 123, Berlin",
Columbia Theater,52.4847302,13.3914367,,"Columbiadamm 9-11, 10965 Berlin",
Columbia-Theater,52.4847302,13.3914367,,,
Columbiahalle,52.4847383,13.392546,,"Columbiadamm 13–21, 10965 Berlin",
Comenius Schule,52.4885781,13.3187635,Charlottenburg-Wilmersdorf,"Gieseler Str. 4, 10713, Berlin",
ComicInvasion,52.5108,13.388,,,
Computerspielemuseum,52.5174697,13.4419545,,"Karl-Marx-Allee 93a, Berlin",
Container vor dem Finanzamt,52.494773,13.3885465,Friedrichshain-Kreuzberg,"Mehringdamm 22, 10961, Berlin",
Cosmic Comedy Club Berlin,52.5298031,13.4098848,,"Schönhauser Allee 184, 10119 Berlin",
cpb culturepartner,52.4655268,13.3666988,,"Bessemerstr. 22, 12103 Berlin",
Crack Bellmer,52.5072971,13.4527414,Berlin,Revaler Strasse 99; 10245 Berlin-Friedrichshain; Berlin; Germany,
Curly Bar,52.5479219,13.3669544,,"Adolfstraße 17, 13347 Berlin",
daadgalerie,52.5025911,13.4137293,,"Oranienstr. 161, 10969 Berlin",
DARK MATTER,52.4929048,13.4925811,,,
Das Gift,52.484117,13.4322707,,"Donaustraße 119, 12043 Berlin",
DAS MINSK Kunsthaus in Potsdam,52.3886638,13.0641321,,"Max-Planck-Straße 17, Potsdam",
Das Weite Theater,52.5165791,13.4775455,,"Parkaue 23, Berlin",
DDR-Museum,52.51944,13.4022381,Charlottenburg-Wilmersdorf,"Karl-Liebknecht-Str. 1, 10178, Berlin",
Delphi Filmpalast,52.506069,13.3284714,,,
delphi LUX,52.5060698,13.3305818,Charlottenburg-Wilmersdorf,"Kantstraße 10, 10623, Berlin",
Denkmal für die ermordeten Juden Europas,52.5138731,13.3787346,,"Cora-Berliner-Str. 1, 10117 Berlin",
"Dennewitzstraße Ecke Kurfürstenstraße, Zugang zum Park am Gleisdreieck",52.4972773,13.3672064,Tempelhof-Schöneberg,"Dennewitzstraße 35, 10783 , Berlin",
Der Kegel,52.5072971,13.4527414,Berlin,"Revaler Str. 99, 10245 Berlin",
Der Weiße Hase,52.5072971,13.4527414,Berlin,"Revaler Str 99, 10245 Berlin",
Deriva,52.4807266,13.427628,,"Mainzer Straße 23, 12053 Berlin",
Deutsche Bundesbank,52.5129798,13.3155071,Charlottenburg-Wilmersdorf,"Leibnizstr. 10, 10625, Berlin",
Deutsche Kinemathek - Museum für Film und Fernsehen,52.5151,13.3773,,"Mauerstr. 79, 10117 Berlin",
Deutsche Kinemathek – Museum für Film und Fernsehen,52.5085739,13.3871178,,"Mauerstraße 79, Berlin",
Deutsche Oper Berlin,52.5121441,13.3083771,,"Bismarckstraße 35, Berlin",
Deutsche Oper Berlin – Tischlerei,52.5158,13.3262,,,
Deutsches Historisches Museum,52.5173,13.3979,,"Unter den Linden 2, 10117 Berlin",
Deutsches Historisches Museum – Pei-Bau,52.5189415,13.3965266,,"Hinter dem Gießhaus 3, Berlin",
Deutsches Technikmuseum,52.497965,13.3755335,,"Trebbiner Straße 9, Berlin",
Deutsches Theater,52.5243546,13.3819066,,"Schumannstr. 13a, 10117 Berlin",
Deutsches Theater Berlin,52.5243546,13.3819066,,,
Deutsches Theater Kammerspiele,52.5163,13.389,,"Schumannstr. 13a, 10117 Berlin",
Deutsches Zentrum für Luft- und Raumfahrt e.V. (DLR_School_Lab Berlin),52.4279858,13.5291889,,"Rutherfordstr. 2, 12489, Berlin",
Die Aktgalerie,52.5093544,13.464978,,"Krossener Str. 34, 10245 Berlin",
die gelbe Villa,52.4878268,13.3849696,,"Wilhelmshöhe 10, Berlin",
Die Göre - Berlin Friedrichshain,52.5182482,13.4400009,,"Palisadenstraße 48, 10243 Berlin",
DIE WEISSE ROSE,52.488259,13.346111,,"Martin-Luther-Straße 77, 10825 Berlin",
Dietrich-Bonhoeffer-Bibliothek,52.4872109,13.3200399,Charlottenburg-Wilmersdorf,"Brandenburgische Str. 2, 10713, Berlin",
digital,52.4895396,13.3149786,,,
Distel,52.5207714,13.3889021,,"Friedrichstr. 101, 10117 Berlin",
Dock 11,52.5366272,13.4079224,,"Kastanienallee 79, 10435 Berlin",
DOCK 11,52.536468,13.408377,,,
Dock 11 Eden,52.5708379,13.4124473,,"Breite Straße 43, 13187 Berlin",
Dokumentationszentrum Flucht,52.5048708,13.3822143,,,
"Dokumentationszentrum Flucht, Vertreibung, Versöhnung",52.5048708,13.3822143,,"Stresemannstr. 90, 10963 Berlin",
Dokumentationszentrum NS-Zwangsarbeit,52.4526094,13.5187979,Treptow-Köpenick,"Britzer Straße 5, 12439, Berlin",
Dokumentationszentrum Topographie des Terrors,52.5062137,13.3841548,Friedrichshain-Kreuzberg,"Niederkirchnerstraße 8, 10963, Berlin",
Domäne Dahlem,52.4591655,13.2892144,,"Königin-Luise-Str. 49, Berlin",
Dorfkirche Alt-Tegel,52.5882817,13.2779916,Reinickendorf,"Alt-Tegel 39a, 13507, Berlin",
Dorfkirche Lankwitz,52.4387495,13.3544179,,"Alt-Lankwitz 13-15, 12247 Berlin",
Dorfkirche Rudow,52.4872316,13.5609111,,"Köpenicker Str. 185, 12355 Berlin",
Dreilinden-Grundschule,52.4203583,13.186145,,"Dreilindenstraße 65, Berlin",
Dreilinden-Gymnasium,52.420257,13.1878739,,"Dreilindenstraße 49, Berlin",
Drink and Draw Berlin,52.4792723,13.5003694,,,
Droste-Hülshoff-Gymnasium,52.4283434,13.257376,Steglitz-Zehlendorf,"Schönower Str. 8, 14165, Berlin",
Druckgraphik-Atelier,52.5349221,13.432963,,"Dietrich-Bonhoeffer-Straße 3, Berlin",
DTK Wasserturm,52.4871339,13.3896517,Friedrichshain-Kreuzberg,"Kopischstraße 7, 10965, Berlin",
Dunant Grundschule,52.4651676,13.317656,Steglitz-Zehlendorf,"Gritznerstr. 19, 12163, Berlin",
Dunckerclub,52.546204,13.4237144,,,
East Side Gallery,52.589221,13.4664931,,"Mühlenstraße, Berlin",
East Side Mall,52.5058431,13.4451291,Friedrichshain-Kreuzberg,"Tamara-Danz-Str. 11, 10243, Berlin",
Eberhard-Alexander-Burgh-Bibliothek,52.4713645,13.3134389,Charlottenburg-Wilmersdorf,"Rüdesheimer Str. 14, 14197 , Berlin",
ECC Berlin (Estrel Congress Center),52.4738429,13.4591883,,"Sonnenallee 225, 12057 Berlin",
Edible Alchemy in the Remise,52.4880182,13.4605024,,"Moosdorfstraße 7-9, 12435 Berlin",
Egon-Erwin-Kisch-Bibliothek,52.5135322,13.4814891,,"Frankfurter Allee 149, Berlin",
Ehemaliges Frauengefängnis Lichterfelde,52.43752,13.3083799,,"Soehtstr. 7, 12203 Berlin",
Eichelmatenweg 2,52.4708726,13.1515277,Spandau,"14089, Berlin",
Eingang FriedrichstadtPalast,52.5239216,13.3888786,Mitte,"Friedrichstraße 107, 10117, Berlin",
Einkaufszentrum Schöneweide-Center Berlin,52.4567363,13.5088008,Marzahn-Hellersdorf,"Schnellerstr. 21, 12439,  Berlin",
Einkaufzentrum „Eastgate“,52.5432758,13.5497556,,"Marzahner Promenade 001A, 12679, Berlin",
EKZ Lindencenter,52.5643929,13.5060229,,"Prerower Platz 1, 13051, Berlin",
Electric Social,52.5199839,13.4129192,,,
Elisabeth-Schwarzhaupt-Platz,52.5322577,13.3861144,Mitte,"Elisabeth-Schwarzhaupt-Platz 1, 10115, Berlin",
Elsengrundschule,52.5010336,13.6101769,Marzahn-Hellersdorf,"Elsenstraße 7-9, 12623 , Berlin ",
Emil-Fischer-Schule (OSZ Ernährung und Lebensmitteltechnik),52.5984198,13.3289841,Reinickendorf,"Cyclopstr. 1-5, 13437, Berlin",
Emmaus-Kirche,52.4999701,13.4308516,,"Lausitzer Pl. 8 A, Berlin",
Emmauskirche,52.4999041,13.4308053,,"Lausitzer Pl. 8a, 10997 Berlin",
Engels Café,52.4767265,13.4200344,,,
Ephraim-Palais,52.5158704,13.4071942,,"Poststr. 16, 10178 Berlin",
Erich-Kästner-Grundschule,52.4579133,13.2842131,Steglitz-Zehlendorf,"Bachstelzenweg 2, 14195, Berlin",
Erinnerungsstätte Notaufnahmelager Marienfelde,52.4204028,13.3684502,,"Marienfelder Allee 66/80, Berlin",
Ernst-Litfaß-Schule (OSZ Mediengestaltung und Medientechnologie),52.5984198,13.3289841,Reinickendorf,"Cyclopstr. 1-5, 13437, Berlin",
Erwin-Barth-Platz,52.5099475,13.2900022,,"Erwin-Barth-Platz, 14057, Berlin",
Eschschloraque,52.5244928,13.4019195,Berlin,"Rosenthaler Str. 39, 10178 Berlin, Germany",
ESMT Berlin,52.5157185,13.4013108,,"Schloßplatz 1, 10178 Berlin",
ESMT European School of Management and Technology,52.5152614,13.4019087,Mitte,"Schloßplatz 1, 10178, Berlin",
Estrel Berlin,52.4736275,13.4588496,Neukölln,"Sonnenallee 225, 12057, Berlin ",
Estrel Convention Center Berlin,52.4736275,13.4588496,,"Sonnenallee 225, Berlin",
Estrel Hotel Berlin,52.4732872,13.4588095,,"Sonnenallee 225, 12057 Berlin",
ETI - Europäisches Theater Institut,52.5127217,13.4199215,,"Rungestr. 20, 10179 Berlin",
Europäische Akademie Berlin,52.4845544,13.2699223,Charlottenburg-Wilmersdorf,"Bismarckallee 46/48, 14193, Berlin",
Europäisches Haus,52.5169572,13.380362,Mitte,"Unter den Linden 78, 10117, Berlin",
Ev. Gemeindehaus der Kirchengemeinde Staaken,52.5229862,13.1575774,,"Pillnitzer Weg 8, Berlin",
Ev. Kreuzkirche Schmargendorf,52.4820938,13.2912125,Charlottenburg-Wilmersdorf,"Hohenzollerndamm 130, 14199, Berlin",
Eva-Lichtspiele,52.484682,13.3200059,,"Blissestraße 18, Berlin",
Evangelisch-freikirchliche Gemeinde Oberschöneweide,52.4664051,13.5113541,,"Deulstr. 12, Berlin",
Evangelische Hoffnungskirchengemeinde Berlin-Pankow,52.5595816,13.4193553,Pankow,"Elsa-Brändström-Straße 36, 13189, Berlin",
Evangelische Schule Steglitz,52.4500879,13.3312578,Steglitz-Zehlendorf,"Beymestraße 6/7, 12169,  Berlin",
Evangelischen Familienbildung im Kirchenkreis Reinickendorf,52.590683,13.3290533,,"Alt-Wittenau 70, Berlin",
Evangelischer Campus Daniel,52.4941406,13.3081014,,"Münstersche Str. 7, Berlin",
exploratorium berlin,52.4897285,13.3933599,,"Zossener Straße 24, Berlin",
EY GmbH & Co. KG Wirtschaftsprüfungsgesellschaft,52.5210833,13.3876802,,"Friedrichstraße 140, 10117 Berlin",
f³ - freiraum für fotografie,52.5015053,13.4141307,,"Prinzessinnenstr. 30, 10969 Berlin",
Fa. Riller & Schnauck  (BMW-Filiale),52.5187362,13.5206757,Marzahn-Hellersdorf,"Rhinstr. 54, 12681, Berlin",
FADLAP,52.5446128,13.5177742,,"Marzahner Straße 22, 13053 Berlin",
Fahrbereitschaft,52.5262259,13.4934575,,"Herzbergstr. 40-43, 10365 Berlin",
Familienbibliothek Else Ury,52.4925941,13.4363603,Friedrichshain-Kreuzberg,"Glogauer Straße 13, 10999, Berlin",
Familiencafé Rubens,52.4676317,13.343833,,"Rubensstraße 84, Berlin",
familienzentrum Adalbertstraße,52.5029544,13.4204728,Friedrichshain-Kreuzberg,"Adalbertstraße 28B, 10997, Berlin-Kreuzberg",
Familienzentrum am Nauener Platz,52.5524644,13.3681772,,"Schulstraße 101, Berlin",
FamilienZentrum Fabrik Osloer Straße,52.5561076,13.3859917,,"Osloer Straße 12, Berlin",
Familienzentrum Jungfernheide,52.5402653,13.2943867,Charlottenburg-Wilmersdorf,"Heckerdamm 242, 13627, Berlin",
Familienzentrum Zukunftshaus Wedding,52.5543066,13.3470743,,"Müllerstraße 56-58, Berlin",
FELD - Theater für junges Publikum,52.4964486,13.3553351,,"Gleditschstraße 5, Berlin",
FELD – Theater für junges Publikum,52.4925,13.353,,,
FeldbuschWiesnerRudolph,52.5163,13.389,,"Jägerstr. 5, 10117 Berlin",
Felleshus,52.5086202,13.3507999,,,
Festsaal Kreuzberg,52.4966371,13.4518179,,"Am Flutgraben 2, 12435 Berlin",
FEZ / Kinder- und Jugendfreizeitzentrum Wuhlheide,52.4610303,13.5486588,Treptow-Köpenick,"Straße zum FEZ 2, 12459, Berlin",
FEZ Berlin,52.4610303,13.5486588,,"Str. zum FEZ 2, 12459 Berlin",
FEZ-Berlin,52.4613613,13.5490859,,"Straße zum FEZ 2, Berlin",
FHXB! Friedrichshain-Kreuzberg Museum,52.5006018,13.4182215,,"Adalbertstr. 95 A, 10999 Berlin",
Ficken 3000,52.4886372,13.4226098,Berlin,"Urbanstraße 70, 10967 Berlin, Germany",
Figurentheater Grashüpfer,52.4916712,13.4661803,,"Puschkinallee 16a, Berlin",
Filiale Jane-Addams-Schule (OSZ Sozialwesen),52.564673,13.4936144,Lichtenberg,"Darßer Straße 97, 13051, Berlin",
Filmmuseum Potsdam,52.3952375,13.0577717,,"Breite Straße 1 A, Potsdam",
Filmpark Babelsberg,52.3882867,13.1202536,,"August-Bebel-Straße 26-53, Potsdam",
Filmtheater am Friedrichshain,52.5290424,13.4303168,,"Bötzowstrasse 1-5, Berlin",
Fitzroy,52.5137509,13.4227591,Berlin,"Holzmarktstraße 15, 10179 Berlin, Germany",
Flohmarkt am Arkonaplatz,52.5370746,13.4020996,,,
Flohmarkt Rathaus Schöneberg,52.4835,13.343,,,
Flughafen Tempelhof,52.4806492,13.3889191,,"Tempelhofer Damm 45, Berlin",
Flughafen Tempelhof - Besucherzentrum CHECK-IN,52.4806492,13.3889191,Tempelhof-Schöneberg,"Platz der Luftbrücke 5, 12101, Berlin",
"Flughafen Tempelhof, Hangar 6",52.4780881,13.3861638,Tempelhof-Schöneberg,"Tempelhofer Damm 45, 12101, Berlin",
Fluxbau,52.5028717,13.4411471,,"Pfuelstraße 5, 10997 Berlin",
Fontane-Haus,52.597608,13.3520921,,"Königshorster Str. 6, Berlin",
Forest Cinema,52.485,13.39,,,
Forum Digitale Technologien,52.5185092,13.3225029,,"Salzufer 15/16, 10587 Berlin",
Forvis Mazars Rechtsanwaltsgesellschaft mbH - Berlin,52.5227547,13.3667711,,"Alt-Moabit 2, 10557 Berlin",
Fotografiska Berlin,52.5256724,13.3891203,,"Oranienburger Str. 54, 10117 Berlin",
Frannz Club,52.5382108,13.4126884,,,
Französische Friedrichstadtkirche,52.5143687,13.3918588,Mitte,"Gendarmenmarkt 5, 10117, Berlin",
Frauenzentrum EWA e.V.,52.5294261,13.4184861,,"Prenzlauer Allee 6, Berlin",
Fraunhofer ENIQ,52.4804962,13.355707,,"EUREF-Campus 23-24, 10829 Berlin",
freiheit fünfzehn Eventlocation an der Spree,52.4955,13.4545,,,
Freilandlabor Britz e.V.,52.4316471,13.4131787,,"Sangerhauser Weg 1, Berlin",
Freilichtbühne an der Zitadelle,52.5399411,13.2165147,Spandau,"Am Juliusturm 62, 13599, Berlin",
Freizeitforum Marzahn,52.5470213,13.55681,,"Marzahner Promenade 55, 12679 Berlin",
Freizeitstätte Süd,52.4135598,13.2660896,Steglitz-Zehlendorf,"Teltower Damm 226, 14167, Berlin",
Freundeskreis Willy-Brandt-Haus e.V.,52.5002167,13.3879332,,"Stresemannstr. 28, 10963 Berlin",
Friedenskirche,52.5220903,13.3270868,,"Helmholtzstraße 23, Berlin",
Friedhöfe an der Bergmannstrasse,52.4886111,13.4011111,,"Bergmannstraße 42-44 Treffpunkt am Eingang Friedrichswerderscher Friedhof II (neben dem Café Strauss), 10961 Berlin",
Friedrichstadt-Palast,52.5236239,13.3886211,,"Friedrichstraße 107, Berlin",
Friedrichstadtpalast Berlin,52.5243608,13.3874278,,,
Fritz-Karsen-Schule (Gemeinschaftsschule),52.4486132,13.4449384,Neukölln,"Onkel-Bräsig-Str. 76-78, 12359, Berlin",
Fritz-Reuter-Allee,52.4478101,13.4501036,Neukölln,"Fritz-Reuter-Allee 45-48, 12359, Berlin",
Fröbel-Fantasielabor Berlin,52.5285287,13.3905946,,"Borsigstr. 33, Berlin",
Frollein Langner,52.4739325,13.4251915,,,
Froschkönig,52.4768,13.4239,,"Weisestraße 17, 12049 Berlin",
Funkhaus Berlin,52.4776327,13.4981261,Berlin,"Nalepastraße 18, 12459 Berlin",
Future Energy Lab,52.515029,13.3329589,Charlottenburg-Wilmersdorf,"Wegelystr. 1, 10623, Berlin",
Futurium,52.523931,13.374345,,"Alexanderufer 2, Berlin",
Galerie & Bar Tor218 Artlab,52.5274009,13.3894661,,"Torstraße 218, 10115 Berlin",
Galerie 100,52.5417097,13.4882868,Lichtenberg,"Konrad-Wolf-Str. 99, 13055, Berlin",
Galerie Beyond.Reality,52.51,13.31,,"Schlüterstr. 70, 10625 Charlottenburg",
Galerie Brusberg &quot;Wunderkammer&quot;,52.51,13.28,,"Friedbergstr. 29, 14057 Berlin",
Galerie im Körnerpark,52.4708958,13.4368213,Neukölln,"Schierker Straße 8, 12051, Berlin",
Galerie im Kulturhaus Karlshorst,52.4822363,13.5238758,Lichtenberg,"Treskowallee 112, 10318, Berlin",
Galerie im Saalbau,52.4770235,13.4399161,Neukölln,"Karl-Marx-Str. 141, 12043, Berlin",
Galerie im Tempelhof Museum,52.4395452,13.3852794,,"Alt-Mariendorf 43, 12107 Berlin",
Galerie im Turm,52.5165034,13.4527335,,"Frankfurter Tor 1, 10243 Berlin",
Galerie Judin - Mercator Höfe,52.5051,13.3759,,"Potsdamer Str. 83, 10785 Berlin",
Galerie Pankow,52.5712799,13.4098486,Pankow,"Breite Straße 8, 13187, Berlin",
Galerie Streulicht Berlin,52.4869919,13.3535768,,"Belziger Straße 25, 10823 Berlin",
Galerie Thomas Schulte,52.5201,13.3884,,"Charlottenstr. 24, 10117 Berlin",
Galerie Thomas Schulte Potsdamer Straße,52.5048,13.3758,,"Potsdamer Str. 81b, 10785 Berlin",
Galerie Wedding - Raum für zeitgenössische Kunst,52.547522,13.3566625,Mitte,"Müllerstraße 146/147, 13353,  Berlin  ",
Galli Theater,52.5255763,13.3939581,,"Oranienburger Str. 32, Berlin",
Galli Theater Berlin,52.5255763,13.3939581,,"Oranienburger Str. 32, 10117 Berlin",
Garn Theater,52.485,13.39,,"Katzbachstr. 19, 10965 Berlin",
Gärten der Welt,52.5372554,13.5749239,,"Blumberger Damm 44, Berlin",
Gärtnerei Hirschgarten,52.4578847,13.6095327,,"Hinter dem Kurpark 1b, Berlin",
Gärtnerhof Charlottenburg,52.5266702,13.2788676,,"Fürstenbrunner Weg 70, Berlin",
Gedenkstätte Berlin-Hohenschönhausen,52.5416286,13.5001488,Lichtenberg,"Genslerstraße  66, 13055, Berlin",
Gedenkstätte Berliner Mauer,52.5353002,13.3895542,,"Bernauer Straße 111, Berlin",
Gedenkstätte Deutscher Widerstand,52.5076051,13.3629858,,"Stauffenbergstr. 13-14, 10785 Berlin",
Geist im Glas,52.4901043,13.4248129,Berlin,"Lenaustraße 27, 12047 Berlin",
Gemäldegalerie,52.5085133,13.3647492,,"Matthäikirchplatz, Berlin",
Gemäldegalerie Kulturforum,52.5084425,13.3677277,,"Matthäikirchpl., 10785 Berlin",
Gemeinschaftshaus Gropiusstadt,52.4254254,13.4618589,,"Bat-Yam-Platz 1, Berlin",
Gemeinschaftshaus Lichtenrade,52.3943365,13.4058167,Tempelhof-Schöneberg,"Lichtenrader Damm / Ecke Barnetstraße, 12305,  Berlin",
Genezareth-Kirche,52.48,13.422,Berlin,"Herrfurthplatz 14, Berlin, 12049, Germany",
Genezarethkirche / Startbahn,52.476987,13.4224107,,"Herrfurthplatz 14, Berlin",
GEOlino LIVE auf der Parkbühne Wuhlheide,52.459,13.5345,,,
Georg Kolbe Museum,52.509937,13.2549022,,"Sensburger Allee 25, 14055 Berlin",
Gertrud-Haß-Bibliothek,52.4189356,13.4943156,Neukölln,"Alt-Rudow 45, 12357, Berlin",
Gertrud-Junge-Bibliothek,52.4254254,13.4618589,Neukölln,"Bat-Yam-Platz 1, 12353, Berlin",
Gesundbrunnen-Center Rooftop,52.551,13.388,,,
Gesundheits– und Beratungszentrum Koppenstraße,52.5202623,13.4379272,Friedrichshain-Kreuzberg,"Koppenstr. 38-40, 10249, Berlin",
Gethsemanekirche - Ev. Kirchengemeinde Prenzlauer Berg-Nord,52.5476816,13.4161828,,"Stargarder Straße 77, 10437 Berlin",
Gewerkschaftshaus der DGB,52.5058518,13.3474898,Tempelhof-Schöneberg,"Keithstr. 1-3, 10787, Berlin",
Giri,52.4842839,13.4242969,Berlin,"Hermannstrasse 14, 12049 Berlin",
Glaser-Innung Berlin,52.5037937,13.3987041,Friedrichshain-Kreuzberg,"Alte Jakobstraße 124, 10969, Berlin",
Glühwürmchengrund,52.5672325,13.2205406,Spandau,,
Gnadenkirche Pichelsdorf,52.514134,13.1910706,,"Jaczostr. 52-54, 13595 Berlin",
Golden Gate,52.5180876,13.4155436,Berlin,Dircksenstrasse 78; Mitte; 10178 Berlin; Germany,
Google Berlin,52.5231181,13.3922082,,"Tucholskystraße 2, 10117 Berlin",
Gotisches Haus,52.5377313,13.2066149,Spandau,"Breite Str. 32, 13597, Berlin",
Gottfried-Benn-Bibliothek,52.4320779,13.255438,Steglitz-Zehlendorf,"Nentershäuser Platz 1, 14163, Berlin",
Greenwichpromenade Tegel,52.584948,13.2768757,,"Borsigdamm, Berlin",
Gretchen,52.4960025,13.3876896,,"Obentrautstraße 19-21, 10963 Berlin",
GRIPS Theater,52.5186496,13.341415,,,
GRIPS Theater Hansaplatz,52.5167,13.3397,,"Altonaer Straße 22, Berlin",
GRIPS Theater Podewil,52.5155,13.413,,"Klosterstr. 68, Berlin",
Gropius Bau,52.5065,13.3825,,"Niederkirchnerstraße 7, Berlin",
Großbeerenstr. 133 (Hornbach/Trödelmarkt),52.4309937,13.3785171,,"Grossbeerenstr. 133, 12107, Berlin",
Großer Stern/Spreeweg,52.5256483,13.3640508,Mitte,"10557, Berlin",
Großer Wiesenpark Volkspark Potsdam,52.4055,13.0389,,,
Grundschule an der Bäke,52.4482376,13.3184838,Steglitz-Zehlendorf,"Haydnstr. 15, 12203 , Berlin (Lichterfelde)",
Grundschule an der Mühle,52.5395781,13.5653337,Marzahn-Hellersdorf,"Kienbergstr.59, 12685, Berlin",
Grüner Salon (in der Volksbühne),52.5264373,13.4116037,Mitte,"Rosa-Luxemburg-Platz 2, 10178, Berlin",
Gutshaus Steglitz,52.4547056,13.3173276,Steglitz-Zehlendorf,"Schloßstr. 48, 12165 , Berlin",
Gutshof Britz,52.4459658,13.4377784,,"Alt-Britz 81, 12359 Berlin",
Gutshof Schloss Britz,52.4457865,13.4379994,,"Alt-Britz 73, Berlin",
Gutshof Schloss Britz - Kulturstall,52.4459658,13.4377784,Neukölln,"Alt-Britz 81, 12359, Berlin",
GZF Koppenstraße,52.5184971,13.4371579,Friedrichshain-Kreuzberg,"Koppenstr. 39, 10243, Berlin",
H10 Berlin Ku'damm,52.5021037,13.3314409,,"Joachimsthaler Straße 31-32, 10719 Berlin",
Hafenbar Berlin,52.5225456,13.4088739,Berlin,"Karl-Liebknecht-Str. 11, 10178 Berlin",
Halle Tanzbühne Berlin,52.5429,13.4084,,"Eberswalder Str. 10, 10437 Berlin",
Hallo Keramik Studio,52.5033375,13.4102205,,"Prinzenstr. 85C, Berlin",
Hamam - Das Türkische Bad im Frauenzentrum Schokoladenfabrik e.V. - Sauna - Hammam - Spa,52.500836,13.423308,,"Mariannenstraße 6, 10997 Berlin",
Hamburger Bahnhof - Nationalgalerie der Gegenwart,52.52844,13.3720386,,"Invalidenstr. 50-51, 10557 Berlin",
Hamburger Bahnhof – Nationalgalerie der Gegenwart,52.5278852,13.3732201,,"Invalidenstraße 50-51, Berlin",
Hanne-Sobek-Platz,52.5487127,13.3882849,Mitte,"13357, Berlin",
Hans Otto Theater Potsdam,52.4034,13.0656,,"Schiffbauergasse 11, Potsdam",
Hans Otto Theater Potsdam - Reithalle,52.4031259,13.0737772,,"Schiffbauergasse, 14467 Potsdam",
Hans-Böckler-Schule (OSZ Konstruktionsbautechnik),52.4993269,13.4020955,Friedrichshain-Kreuzberg,"Lobeckstraße 76, 10969, Berlin",
Hans-Rosenthal-Haus,52.4340376,13.2792065,Steglitz-Zehlendorf,"Bolchener Straße 5, 14167, Berlin",
Hans-Rosenthal-Platz,52.4803898,13.336941,,,
Hans-Söhnker-Haus,52.4543677,13.3356625,Steglitz-Zehlendorf,"Selerweg 18-22, 12169, Berlin ",
Hansabibliothek,52.5170943,13.3427522,Mitte,"Altonaer Str. 15, 10557, Berlin",
Hasso -Plattner-Institut,52.3938691,13.1332946,,"Prof.-Dr.-Helmert-Str. 2-3 Gebäude: K | Raum: K-1.03, 14482 Potsdam",
Hasso-Plattner-Institut,52.3938691,13.1332946,,"Prof.-Dr.-Helmert-Straße 2-3, 14482 Potsdam Building: K | Room: K 1.04, 14482 Potsdam",
HAU 3,52.4980721,13.3861421,,"Tempelhofer Ufer 10, 10963 Berlin",
HAU Hebbel am Ufer,52.4999566,13.3871576,,,
HAU1 Hebbel am Ufer,52.5044,13.3828,,,
Haus am Kleistpark,52.4905797,13.3572868,,"Grunewaldstr. 6-7, 10823 Berlin",
Haus am Lützowplatz,52.5043546,13.3535546,,"Lützowpl. 9, 10785 Berlin",
Haus am Waldsee,52.4420634,13.2384164,,"Argentinische Allee 30, Berlin",
Haus Bastian,52.5192812,13.3967674,,"Am Kupfergraben 10, Berlin",
Haus der Berliner Festspiele,52.4986265,13.3287067,,,
Haus der Kulturen der Welt,52.5187884,13.3648356,,"John-Foster-Dulles-Allee 10, Berlin",
Haus der Musik,52.4519225,13.351588,Steglitz-Zehlendorf,"Grabertstr. 4, 12169, Berlin",
Haus der Sinne,52.5490912,13.4040123,,,
Haus der Statistik,52.5226706,13.4181801,Berlin,"Otto-Braun Straße 70-72, Block OTTO",
Haus der Visionäre,52.4834778,13.5800458,Berlin,"Eichenstr. 4a, 12435 Berlin",
Haus der Wirtschaft,52.5118564,13.3172044,,"Am Schillertheater 2, 10625, Berlin",
Haus des Papiers,52.510452,13.4032861,,"Seydelstraße 30, Berlin",
Haus des Rundfunks,52.5079418,13.2766281,,"Masurenallee 8-14, Berlin",
Haus Kladower Forum,52.4537169,13.1436778,Spandau,"Kladower Damm 387, 14089, Berlin",
Haus. Kunst. Mitte.,52.5300663,13.3682746,,"Heidestr. 54, 10115 Berlin",
Havanna Berlin,52.485115,13.353549,,"Hauptstraße 30, 10827 Berlin",
Hebammen Praxis Vivre,52.49281,13.3927,,"Solmsstraße 12, 10961 Berlin",
"Hedwig-Dohm-Schule (Integrierte Sekundarschule)
Raum: B 110",52.5339773,13.3457795,,"Stephanstr. 27, 10559, Berlin",
"Hedwig-Dohm-Schule (Integrierte Sekundarschule) 
Raum: B 108 Holzwerkstatt",52.5339773,13.3457795,,"Stephanstr. 27, 10559, Berlin",
Heilig-Kreuz-Kirche,52.4963881,13.3960189,Friedrichshain-Kreuzberg,"Zossener Str. 65, 10961, Berlin",
Heimathafen Neukölln,52.4770235,13.4399161,,,
Heimathafen Neukölln | Saalbau Neukölln Kultur & Veranstaltung GmbH,52.47696,13.4393647,,"Karl-Marx-Str. 141, 12043 Berlin",
Heinrich-Böll-Bibliothek,52.5418167,13.4408459,,"Greifswalder Str. 87, Berlin",
Heinrich-Böll-Stiftung,52.5237689,13.3829601,Mitte,"Schumannstr. 8, 10117, Berlin",
Heinrich-Dathe-Platz,52.5005609,13.5229947,Lichtenberg,"10319, Berlin",
Heinrich-Schulz- Bibliothek,52.5187055,13.302234,Charlottenburg-Wilmersdorf,"Otto-Suhr-Allee 98, 10585, Berlin",
Helene-Nathan-Bibliothek,52.4819616,13.4327729,Neukölln,"Karl-Marx-Straße 66, 12043, Berlin",
Helleum II,52.5405,13.5085,,"Kastanienallee 57a, 12627, Berlin Marzahn-Hellersdorf",
HERMAN Belgian Bar,52.5324802,13.4120464,,"Schönhauser Allee 173, 10119 Berlin",
Hermannplatz/Donaukiez,52.4862857,13.4245531,,"Hermannplatz 1, 10967, Berlin",
Hermannstraße/Bahnhof Neukölln,52.4676341,13.4312408,,"Körnerpark 0, 12053, Berlin",
Herrfurthplatz,52.4778365,13.4222553,Neukölln,"Berlin, 12049",
Hertha-Müller-Haus,52.4481457,13.2479803,Steglitz-Zehlendorf,"Argentinische Allee 89, 14163  ,  Berlin ",
Hertie School of Governance,52.5128521,13.3892713,Mitte,"Friedrichstr. 180, 10117, Berlin",
High-Deck-Siedlung,52.4650224,13.4728531,,"Michael-Bohnen-Ring / Sonnenallee, 12057, Berlin",
Hildburghauser Str. 29,52.4126905,13.3547205,Tempelhof-Schöneberg,"12279, Berlin",
Historischer Lokschuppen mit Werkbereich,52.459,13.512,,,
Hochschule für Musik Hanns Eisler - Neuer Marstall,52.5165522,13.4034934,,"Schlosspl. 7, 10178 Berlin",
Hochschule für Schauspielkunst Ernst Busch,52.5327012,13.3828307,,"Zinnowitzer Str. 11, 10115 Berlin",
Hole44,52.4643506,13.4333842,,,
Hole⁴⁴,52.4643727,13.4333818,,"Hermannstraße 146, 12051 Berlin",
Holiday Inn Berlin Airport Conference Center,52.3892179,13.4988644,,"Hans-Grade-Allee 5 12529 Schonefeld bei, 12529 Berlin",
Holland-Park,52.6213123,13.545319,,"Dorfstraße 30, Panketal",
Holzmarkt,52.5114589,13.4265367,,,
Holzmarkt 25,52.5114589,13.4265367,,,
Honigseele Berlin,52.4941419,13.3830039,,"Hornstraße 1, 10963 Berlin",
Hoppetosse,52.49694,13.4540533,Berlin,Eichenstrasse 4; Treptow; 12435 Berlin; Germany,
Horst-Dohm- Eisstadion,52.4842432,13.3006881,Charlottenburg-Wilmersdorf,"Fritz-Wildung-Str. 9, 14199, Berlin",
Hošek Contemporary,52.5136681,13.41187,Berlin,MS Heimatland / Fisherinsel 10179 Berlin,
Hotel Continental - Art Space in Exile,52.4871989,13.4518768,,"Elsenstraße 87, 12435 Berlin",
Hotel MOA Berlin,52.5321484,13.3446806,,"Stephanstraße 41, 10559 Berlin",
hub27 Berlin,52.5029373,13.2675566,,"Jafféstraße 2, 14055 Berlin",
Hugenottenplatz,52.6069386,13.4206083,,"Hugenottenplatz, 13127, Berlin",
Hugo-Gaudig-Schule,52.4786034,13.3764696,,"Boelckestraße 58, 12101 Berlin",
Humboldt Carré Konferenz- und Eventzentrum,52.5159205,13.3914426,,"Behrenstraße 42, 10117 Berlin",
Humboldt Forum,52.5167106,13.4024811,Mitte,"Schlossplatz, 10178, Berlin",
Humboldt Forum im Berliner Schloss,52.5161789,13.4006418,,"Schlossplatz, Berlin",
Humboldt-Bibliothek,52.5919367,13.2806031,,"Karolinenstr. 19, Berlin",
Humboldt-Bibliothek Tegel,52.5919367,13.2806031,Reinickendorf,"Karolinenstraße 19, 13507, Berlin",
Humboldt-Haus,52.5661391,13.5184082,Lichtenberg,"Warnitzer Str. 13A, 13057, Berlin ",
Humboldt-Universität zu Berlin,52.517883,13.3936551,,"Unter den Linden 6, 10117 Berlin",
Humboldthain Club,52.5442708,13.3787585,Berlin,Hochstraße 46; 13357 Berlin; Germany,
Huxleys Neue Welt,52.4864182,13.421531,,"Hasenheide 107/113, 10967 Berlin",
HWR - Campus Lichtenberg,52.5101676,13.525239,Lichtenberg,"Alt-Friedrichsfelde 60, 10315, Berlin",
HWR Berlin - Campus Schöneberg,52.485432,13.3377964,Tempelhof-Schöneberg,"Badensche Straße 50–51, 10825 , Berlin",
HYROX Performance Center Berlin-Kreuzberg by Kniger Performance Club,52.4992121,13.4003856,,"Alexandrinenstraße 2-3 #Aufgang A, 1. OG, 10969 Berlin",
ICF Berlin,52.4681785,13.3912032,,"Ringbahnstraße 32-34, 12099 Berlin",
Ikea Südkreuz,52.4696118,13.3663411,,"Sachsendamm 47, 10829 Berlin",
Ikii,52.4766281,13.4215384,Berlin,"Herrfurthplatz 8, 12049 Berlin, Germany",
Illuseum Berlin,52.5215057,13.4069139,,"Karl-Liebknecht-Str. 9, Berlin",
ILOsBAR,52.4977119,13.3474298,,,
Im Tiergarten,52.5146915,13.3521076,Mitte,Straße des 17. Juni,
Impact Hub Berlin,52.479124,13.432526,,"Rollbergstraße 28A, 12053 Berlin",
Industriesalon Schöneweide,52.4608803,13.5188859,,"Reinbeckstr. 9-10, 12459 Berlin",
Industrious BEAM,52.5163488,13.4160267,,"Schicklerstraße 5, 10179 Berlin",
Industrious BEAM Berlin,52.5161607,13.4157793,,"Schicklerstraße 5, 10179 Berlin",
Ingeborg-Bachmann-Bibliothek (Stadtteilbibliothek West),52.5145468,13.2939985,Charlottenburg-Wilmersdorf,"Nehringstr. 10, 14059, Berlin",
Ingeborg-Drewitz-Bibliothek,52.4577849,13.3196255,Steglitz-Zehlendorf,"Grunewaldstr. 3, 12165, Berlin",
Initiative der heilenden Künste,52.5034963,13.4238934,,"Mariannenplatz 2a, 10997 Berlin",
INNSiDE by Meliá Berlin Mitte,52.532892,13.380592,,"Chausseestraße 33, 10115 Berlin",
Insomnia,52.4659138,13.3855858,Berlin,"Alt-Tempelhof 17-19, 12099 Berlin",
Institut français Berlin,52.5021625,13.3247676,,"Kurfürstendamm 211, 10719 Berlin",
Institut Francais Berlin - Maison de France,52.502,13.329,,"Kurfürstendamm 211, 10719 Berlin",
Instituto Cervantes Berlin - Das spanische Kulturinstitut,52.5216599,13.404826,,"Rosenstraße 18, 10178 Berlin",
interkosmos - café. bar. utopie,52.5141034,13.4985762,,"Fanningerstraße 47, 10365 Berlin",
interkosmos - café.bar.utopie,52.505,13.42,,,
International,52.5206816,13.423045,,"Karl-Marx-Allee 33, 10178 Berlin",
"Invalidenstr. 57, 10557 Berlin",52.5237956,13.3621914,Mitte,"Invalidensttraße 57, 10557, Berlin",
ISS Mahlsdorf,52.5078776,13.616382,,"An der Schule 41-59, 12623, Berlin",
It's a Bar,52.4982138,13.4308227,,,
Jagdschloss Grunewald,52.4672167,13.2615891,,"Hüttenweg 100, Berlin",
James-Simon-Galerie,52.5201352,13.3993615,,"Bodestr., 10178 Berlin",
Jane-Addams-Schule (OSZ Sozialwesen),52.5227772,13.4522499,Friedrichshain-Kreuzberg,"Straßmannstraße 14-16, 10249",
janinebeangallery,52.5316,13.3837,,"Torstr. 154, 10115 Berlin",
Janusz- Korczak-Bibliothek,52.5686018,13.4123075,Pankow,"Berliner Straße 120/121, 13187 , Berlin",
Janusz-Korczak-Bibliothek,52.5686018,13.4123075,,"Berliner Str. 120/121, 13187 Berlin",
Jesus-Christus-Kirche Dahlem,52.4497823,13.2829406,Steglitz-Zehlendorf,"Hittorfstr. 23, 14195, Berlin",
Joachim-Gottschalk-Weg,52.422589,13.4752435,Neukölln,"Joachim-Gottschalk-Weg 10-14, 12353, Berlin",
Jockel Biergarten,52.495,13.425,Berlin,"Ratiborstraße 14C, 10999 Berlin, Germany",
John-F.-Kennedy-Platz,52.4845757,13.3441511,,"John-F.-Kennedy-Platz 1, 10825, Berlin",
Joseph-Joachim-Konzertsaal,52.4986487,13.3298793,Charlottenburg-Wilmersdorf,"Bundesallee 1-12, 10719 , Berlin",
JuBi im Willy-Brandt-Haus,52.4961,13.3879,,,
Jüdisches Gemeindehaus,52.5031196,13.3274686,Charlottenburg-Wilmersdorf,"Fasanenstr. 79-80, 10623, Berlin",
Jüdisches Museum,52.5016941,13.3951413,,"Lindenstr. 9-14, 10969 Berlin",
Jüdisches Theaterschiff MS Goldberg,52.535,13.2,,"Schifffahrtsufer/Dischinger Brücke, 13581 Berlin",
Jugend in Berliner Wäldern e.V.,52.47,13.26,,,
Jugend- und Kulturzentrum Spirale,52.4934976,13.3069412,,"Westfälische Straße 16a, Berlin",
Jugendclub Skandal,52.5076368,13.4625809,Friedrichshain-Kreuzberg,"Gryphiusstraße 29, 10245, Berlin",
Jugendclub Villa Pelikan,52.5164763,13.5883535,,"Hellersdorfer Straße 27, Berlin",
Jugendkulturzentrum Pumpe,52.5051452,13.3582898,,"Lützowstraße 42, Berlin",
Jugendkunstschule ATRIUM,52.6012976,13.3541466,,"Senftenberger Ring 97, Berlin",
Jugendverkehrsschule,52.4982407,13.5047393,Lichtenberg,"Baikalstraße 4, 10319, Berlin",
Jugendverkehrsschule berlin mitte,52.5289401,13.3389271,Mitte,"Bremer Straße 10, 10551, Berlin",
Jugendverkehrsschule Charlottenburg,52.5159062,13.3146535,Charlottenburg-Wilmersdorf,"Loschmidtstraße 6-10, 10587 , Berlin",
Jugendverkehrsschule Steglitz,52.450369,13.3357813,Steglitz-Zehlendorf,"Albrechtstr. 42, 12167, Berlin",
Junges Tanzhaus Berlin,52.4857338,13.4233769,,"Lucy-Lameck-Straße 3, Berlin",
Kabarett Obelisk,52.3991667,13.0555225,,"Charlottenstr. 31, 14467 Potsdam",
Kabarett-Theater DISTEL,52.5206669,13.3885051,,,
Kaiser-Wilhelm-Gedächtnis-Kirche,52.5049676,13.335294,Charlottenburg-Wilmersdorf,"Breitscheidplatz, 10789, Berlin",
Kaiser-Wilhlem-Gedächntniskirche,52.5046,13.3352,,,
Kaisersteg,52.4575425,13.5181738,Charlottenburg-Wilmersdorf,"Hasselwerder Str. 22, 12439, Berlin",
Kajetan Berlin - Raum für Kunst,52.5038,13.3035,,"Grolmanstr. 58, 10623 Berlin",
Kallasch&,52.5329151,13.3365728,,,
Kalle Halle,52.4795552,13.4382367,,,
Kammermusiksaal der Philharmonie,52.5099888,13.3696059,,"Herbert-von-Karajan-Str. 1, 10785 Berlin",
kantaa - gut beraten,52.5559372,13.4131539,Pankow,"Berliner Straße 69, 13189 , Berlin",
Kantine am Berghain,52.5114484,13.4407738,Berlin,70 Am Wriezener Bahnhof; Friedrichshain; 10243 Berlin; Germany,
Kaos Berlin,52.462052,13.5092577,Berlin,"Wilhelminenhofstraße 92, 12459 Berlin, Germany",
Kapelle99,52.5123609,13.4610668,Friedrichshain-Kreuzberg,"Boxhagener Straße 99, 10245, Berlin",
Karakas,52.4992295,13.3674642,,"Kurfürstenstraße 9, 10785 Berlin",
Kasper Holzig,52.5167114,13.3051394,,"Behaimstr. 10, 10585 Berlin",
Kater,52.5119029,13.4253649,Berlin,"Holzmarktstrasse 25, 10243 Berlin",
Käthe-Kollwitz-Gymnasium,52.5461095,13.4220606,Pankow,"Dunckerstr.  65/66, 10439, Berlin",
Käthe-Kollwitz-Museum,52.5205395,13.2920852,,"Spandauer Damm 10, 14059 Berlin",
Käthe-Kollwitz-Museum Berlin,52.5206424,13.2927104,,"Spandauer Damm 10, Berlin",
Katholische Kindertagesstätte „Heilige Familie“,52.5515709,13.4200817,,"Kuglerstr. 40, Berlin",
Kesselhaus,52.4409095,13.3793229,,,
Kesselhaus in der Kulturbrauerei,52.5393856,13.4137106,,"Knaackstraße 97, 10435 Berlin",
Kiez Büro Coworking,52.479598,13.4377434,,"Karl-Marx-Straße 101, 12043 Berlin",
Kiezkapelle,52.482,13.428,Berlin,Hermannstraße 99–105,
Kiezklub Allende-Viertel,52.445424,13.5933567,Treptow-Köpenick,"Salvador-Allende-Straße 89, 12559, Berlin",
Kieztreff Frisierkunst,52.4497025,13.2555721,,"Wilskistraße 34, Berlin",
kikisol,52.49,13.42,,,
Kinder- und Familientheater Coq au Vin,52.4841862,13.4432464,,"Wildenbruchstr. 80, Berlin",
Kinderbauernhof Pinke-Panke,52.5688761,13.3886772,Pankow,"Am Bürgerpark 15-18, Berlin-Pankow",
Kinderbuchhandlung Krumulus,52.4897357,13.405511,,"Südstern 4, Berlin",
Kinderhaus Waldschulallee e.V.,52.5020034,13.2588592,,"Waldschulallee 75, Berlin",
KinderKünsteZentrum,52.4792199,13.4389609,,"Ganghoferstraße 3, Berlin",
Kindermalschule Berlin,52.5185412,13.3007856,,"Gerichtsstr. 12-13, Berlin",
Kindermuseum unterm Dach,52.3878178,13.3970516,,"Steinstraße 41, Berlin",
Kindersprachclub,52.493865,13.2959509,,"Joachim-Friedrich-Str. 3, Berlin",
KINDL – Zentrum für zeitgenössische Kunst,52.4794637,13.431275,,"Am Sudhaus 3, Berlin",
Kino b-ware!,52.5118751,13.4616485,Charlottenburg-Wilmersdorf,"Gärtnerstraße 19, 10245, Berlin",
Kino Blauer Stern,52.5803587,13.401489,,"Hermann-Hesse-Str. 11, Berlin",
Kino Casablanca,52.5258146,13.4286945,,"Friedenstraße 12, Berlin",
Kino Central Berlin,52.5245664,13.4018422,,,
Kino Spreehöfe,52.4617978,13.5120508,,"Wilhelminenhofstraße 89, Berlin",
Kino Toni,52.5480563,13.4510903,,"Antonplatz 1, Berlin",
Kirche am Immanuel Krankenhaus,52.4200828,13.1665008,,"Königstr. 66, 14109 Berlin",
Kirche Schönow-Buschgraben,52.4133284,13.260076,Charlottenburg-Wilmersdorf,"Andréezeile 21/23, 14165 , Berlin ",
Kirche St. Georg,52.5661514,13.4131555,Pankow,"Kissingenstraße 53, 13187, Berlin",
Kirche St. Peter und Paul,52.4008152,13.0589064,,"Am Bassin 7, 14467 , Potsdam ",
Kirche Zum Guten Hirten,52.4708072,13.3280978,,"Bundesallee 76A, 12161 Berlin",
Kirche zur frohen Botschaft,52.4854461,13.5282598,Charlottenburg-Wilmersdorf,"Weseler Str. 6, 10318, Berlin",
Kirchsaal des Evangelischen Campuses Daniel,52.4939477,13.3092268,Charlottenburg-Wilmersdorf,"Brandenburgische Str. 51, 10707, Berlin",
Kita Apfelbäumchen/ AWO pro:mensch,52.5893655,13.2942478,,"Oeserstr. 8, Berlin",
Kita der Kirche St. Alfons,52.4240944,13.3677538,,"Beyrodtstraße 4, Berlin",
Kita Wirbelwind,52.58344,13.3914365,,"Friedrich-Engels-Str. 45-47, Berlin",
KitKat Club,52.5112074,13.4169157,,,
KitKatClub,52.5112074,13.4169157,Berlin,Köpenicker Strasse 76; Mitte; 10179 Berlin; Germany,
KITTY CHENG BAR,52.5298949,13.4043349,,,
Klausenerplatz,52.5180135,13.2844201,,"Klausenerplatz / Spandauer Damm, 14059, Berlin",
KlimaWerkstatt Spandau,52.5376211,13.2053277,Spandau,"Mönchstr. 8, 13597, Berlin",
Klixarena,52.5704385,13.3083745,Reinickendorf,"Zobeltitzstraße 96, 13403, Berlin",
Klosterruine,52.5184236,13.4124733,Mitte,"Klosterstr. 73a, 10179, Berlin",
Klunkerkranich,52.4819616,13.4327729,Berlin,"Karl-Marx-Straße 66, 12043 Berlin",
KLUNKERKRANICH,52.5079304,13.5292772,,,
Knobelsdorff-Schule (OSZ Bautechnik I),52.5395695,13.2336637,Spandau,"Nonnendammallee 140-143, 13599, Berlin",
Kollwitzplatz,52.5360538,13.4170422,,,
Komische Oper Berlin im Schillertheater,52.5133,13.3149,,"Am Schillertheater 1, Berlin",
Komische Oper im Schillertheater,52.5133,13.3149,,,
Kommunale Begegnungsstätte,52.5082827,13.5092591,Lichtenberg,"Einbecker Str. 85, 10315, Berlin",
"Kommunale Begegnungsstätte ""Am Tierpark""",52.494839,13.5161438,Lichtenberg,"Sewanstraße 235, 10319, Berlin",
"kommunale Begegnungsstätte ""Karlshorst""",52.4898955,13.5215236,Lichtenberg,"Hönower Str. 30a, 10318, Berlin",
"kommunale Begegnungsstätte ""Rusche 43""",52.5216334,13.4846359,Lichtenberg,"Ruschestraße 43, 10367, Berlin",
Kommunale Begegnungsstätte Judith-Auer-Straße,52.5335445,13.4682475,Lichtenberg,"Judith-Auer-Straße 8, 10369, Berlin",
Kommunale Begegnungsstätte Ribnitzer Straße,52.5720492,13.5024287,Lichtenberg,"Ribnitzer Straße 1 b, 13051, Berlin",
Kommunale Begegnungsstätte Warnitzer Borgen,52.5655959,13.5202454,Lichtenberg,"Warnitzer Straße 6-8, 13057, Berlin",
Kommunale Galerie,52.5385444,13.2044109,Charlottenburg-Wilmersdorf,"Hohenhollerndamm 176, 10713, Berlin",
Kommunale Galerie Berlin,52.4894888,13.311966,,"Hohenzollerndamm 176, 10713 Berlin",
Kommunikationszentrum am Ostpreußendamm,52.4257451,13.3160277,Steglitz-Zehlendorf,"Ostpreußendamm 52, 12207, Berlin ",
Komödie am Kurfürstendamm im Ernst-Reuter-Saal,52.5884025,13.3238522,,"Eichborndamm 213, Berlin",
"KOMPASS, Haus im Stadtteil",52.5276602,13.5854857,Marzahn-Hellersdorf,"Kummerower Ring 42, 12619, Berlin",
KOMPLEX Berlin,52.5036393,13.458943,,"Modersohnstraße 35-45, 10245 Berlin",
Konferenz- und Tagungszentrum Ernst von Bergmann,52.41064,13.08267,,"Berliner Straße 62, 14467 Potsdam",
Königin-Luise-Platz 6,52.4588783,13.303214,,"Königin-Luise-Platz 6, 14195 Berlin",
Konzerthaus,52.5135698,13.392297,,"Gendarmenmarkt, Berlin",
Konzerthaus Berlin,52.5135418,13.3918617,,,
Korea Verband,52.53393,13.3405293,Mitte,"Quitzowstraße 103, 10551, Berlin",
Koreanisches Kulturzentrum,52.5088352,13.3780855,,"Leipziger Platz 3, Berlin",
"Kosmos, Karl-Marx-Allee, Berlin, Deutschland",52.5169221,13.449893,,"Karl-Marx-Allee 131A, 10243 Berlin",
Kranoldplatz,52.4281864,13.3275074,,,
Kreuzberg,52.4860843,13.3859508,Friedrichshain-Kreuzberg,"Hermannplatz- Hasenheide- Gneisenaustraße- Yorckstraße, Berlin",
KREUZWERK,52.5031489,13.4077249,Berlin,"Lobeckstraße 30-35, 10969 Berlin, Deutschland",
Kühlhaus Berlin,52.4996866,13.3765572,,"Luckenwalder Str. 3, Berlin",
Kühlspot Social Club,52.5504007,13.436534,Charlottenburg-Wilmersdorf,"Lehderstr. 74, 13086, Berlin",
Kukumu,52.5280091,13.3452198,Berlin,"Lübecker Str. 43, 10559 Berlin, Germany",
Kultur Cafe Diakonietentrum Heiligensee,52.6095793,13.2488874,Reinickendorf,"Dambockstr. 76, 13503, Berlin",
Kulturbrauerei,52.5382032,13.4127133,,"Schönhauser Allee 36, Berlin",
Kulturbrauerei Berlin,52.538604,13.412435,,,
Kulturforum,52.5084425,13.3677277,,"Matthäikirchpl., 10785 Berlin",
Kulturhaus Alte Feuerwache,52.516288,13.4421638,,,
Kulturhaus Babelsberg,52.39,13.1,,"Karl-Liebknecht-Str. 135, 14482 Potsdam",
Kulturhaus Karlshorst,52.4820582,13.5251196,Lichtenberg,"Treskowallee 112, 10318, Berlin",
"Kulturhaus Karlshorst , Foyer 1. Etage",52.4822363,13.5238758,Lichtenberg,"Treskowallee 112, 10318, Berlin",
"Kulturhaus Karlshorst, Großer Saal",52.4822363,13.5238758,Lichtenberg,"Treskowallee 112, 10318 , Berlin",
Kulturhaus Karlshorst/am Fenster,52.4822363,13.5238758,Lichtenberg,"Treskowallee 112, 10318, Berlin",
Kulturhaus Karlshorst/Studiobühne,52.4822363,13.5238758,Lichtenberg,"Treskowallee 112, 10318 , Berlin",
Kulturhaus Spandau,52.5355261,13.2022748,Spandau,"Mauerstr. 6, 13597, Berlin",
Kulturhaus Spandau | Galerie,52.535528,13.2022752,Spandau,"Mauerstr. 6, 13597, Berlin",
Kulturhaus Spandau | Theatersaal,52.535528,13.2022752,Spandau,"Mauerstr. 6, 13597, Berlin",
Kulturhaus Spandau im Theatersaal,52.5355,13.2055,,,
Kulturlabor Trial & Error,52.4706971,13.4425522,,"Braunschweiger Str. 80 12055, 12055 Berlin",
Kulturzentrum Peter Edel,52.5509153,13.4615708,,"Berliner Allee 125, Berlin",
Kulturzentrum Schöneweide – Alte Feuerwache e.V.,52.451991,13.532099,,"Schnellerstr. 81, Berlin",
Kunst Raum Mitte,52.5262717,13.3960006,Mitte,"Auguststraße 21, 10117, Berlin",
Kunstfabrik Schlot,52.532,13.377,,"Invalidenstr. 117, 10115, Berlin",
Kunsthaus sans titre,52.3986748,13.0621726,,"Französische Str. 18, 14467 Potsdam",
Kunstquartier Bethanien,52.5022,13.4239,,,
Kunstraum Heartspace,52.5324771,13.4400435,,"Danziger Straße 172, 10407 Berlin",
Kunstraum Kreuzberg/Bethanien,52.5036639,13.424156,,"Mariannenpl. 2, 10997 Berlin",
Kupferstichkabinett,52.508174,13.3666434,,"Matthäikirchpl. 8, 10785 Berlin",
Kurfürstendamm 23,52.5045359,13.3294752,,"Kurfürstendamm 23, 10719 Berlin",
Kurt Mühlenhaupt Museum,52.4876934,13.3885333,,"Fidicinstraße 40, Berlin",
Kurt-Tucholsky-Bibliothek,52.531583,13.3262022,Pankow,"Esmarchstraße 18, 10407, Berlin",
Kurt-Tucholsky-Bibliothek (Mitte),52.531583,13.3262022,,"Rostocker Str. 32 B, Berlin",
Kurt-Tucholsky-Bibliothek (Pankow),52.5329071,13.4322322,,"Esmarchstr. 18, Berlin",
Kurt-Tucholsky-Bibliothek (Prenzl. Berg),52.5329071,13.4322322,,"Esmarchstr. 18, 10407 Berlin",
KW Institute for Contemporary Art,52.5271636,13.3948218,,"Auguststr. 69, 10117 Berlin",
La Caminada Tanzstudio,52.4933888,13.4197042,,"Böckhstraße 21, 10967 Berlin",
La18,52.57,13.345,Berlin,"Lindauer Alle 18, 13407 Berlin, Deutschland",
LabSaal,52.6201495,13.3563343,,"Alt-Lübars 8, 13469 Berlin",
LabSaal und andere Spielorte,52.6125,13.351,,,
Labyrinth Kindermuseum,52.5561076,13.3859917,,"Osloer Str. 12, 13359 Berlin",
Labyrinth Kindermuseum Berlin,52.5562867,13.3859257,,"Osloer Straße 12, Berlin",
Landesvertretung Schleswig-Holstein,52.5123237,13.3790603,,"In den Ministergärten 8-10, 10117 Berlin",
Lark,52.5130237,13.4227766,Berlin,"Holzmarktstrasse 15-18, 10179",
LARK,52.5130237,13.4227766,,,
Lauschangriff,52.5182565,13.4552573,Berlin,Rigaer Strasse 103; Friedrichshain; 10247 Berlin; Germany,
Lauschangriff Bar,52.5182491,13.4553049,,,
Lausitzer Platz,52.5001826,13.4307927,,,
Legoland Discovery Centre Berlin,52.4336363,13.3023632,,"Potsdamer Straße 4, Berlin",
Lehrter Straße,52.5254883,13.3654502,Mitte,"Lehrter Straße, 10557, Berlin",
Leo-Borchard-Musikschule,52.4340016,13.2562256,Steglitz-Zehlendorf,"Martin-Buber-Str. 21, 14163, Berlin",
Leonardo Royal Hotel Alexanderplatz,52.5271128,13.4237882,Mitte,"Otto-Braun-Straße 90, 10249, Berlin",
Leopold-Ullstein-Schule (OSZ Wirtschaft),52.4836938,13.3326826,Charlottenburg-Wilmersdorf,"Prinzregentenstraße 32, 10715, Berlin",
Leopoldplatz,52.5469861,13.3592556,,"Leopoldplatz, Berlin",
Lernort Keibelstraße,52.5241658,13.4162252,,"Bernhard-Weiß-Str. 6, 10178 Berlin",
LesArt Berliner Zentrum für Kinder- und Jugendliteratur,52.5253314,13.4050609,,"Weinmeisterstraße 5, Berlin",
Lettrétage,52.533467,13.4009185,,"Veteranen Str. 21, Berlin",
Lido,52.4991977,13.4450924,,"Cuvrystraße 7, 10997 Berlin",
Liebermann-Villa am Wannsee,52.4287715,13.1648881,,"Colomierstrasse 3, Berlin",
Lieselotte-Berger-Platz,52.411355,13.4978942,Neukölln,"12355, Berlin",
Lietzenburger Str. 107,52.4993746,13.3170959,,"Lietzenburger Straße 107, 10707 Berlin",
Life Artists Creators Hub,52.5455552,13.4108144,,"Milastraße 4, 10437 Berlin",
Limomade,52.5253342,13.4533869,,"Kochhannstraße 19, Berlin",
Lindenkirche Wilmersdorf,52.4748108,13.3100952,Charlottenburg-Wilmersdorf,"Homburger Str. 48, 14197, Berlin",
Lindenpark Potsdam,52.3918101,13.1168676,,"Stahnsdorfer Str. 76, Potsdam",
Lipschitzplatz,52.422731,13.4589415,Neukölln,"12353, Berlin",
LOFT AM SALZUFER,52.5183448,13.3232812,,"Salzufer 13-14, 10587 Berlin",
Loge.,52.513,13.46,Berlin,"Kinzigstraße 9, 10247 Berlin, Germany",
Lokschuppen Berlin,52.5366075,13.3416455,Berlin,"Warschauer Brücke, Revaler Straße 99 Zugang über, 10245 Berlin, Germany",
LOKSCHUPPEN BERLIN,52.5366075,13.3416455,,,
Loone,52.4982138,13.4308227,Berlin,"Spreewaldpl. 14, 10999 Berlin",
Lost my Voice Bar,52.5293031,13.4014198,,,
Ludwig Erhard Haus,52.5068966,13.3285832,Charlottenburg-Wilmersdorf,"Fasanenstr. 85, 10623, Berlin",
Ludwigkirchplatz,52.4979617,13.322266,,"Ludwigkirchplatz 1, 10719, Berlin",
Luftschloss Tempelhofer Feld,52.4646044,13.3856575,,"Tempelhofer Damm 59-101, Berlin",
Lukas-Gemeinde e.V.,52.5015688,13.3549862,Tempelhof-Schöneberg,"Kurfürstenstraße 133, 10785, Berlin",
Lützowstraße 42,52.5053872,13.3586763,,"Lützowstraße 42, 10785 Berlin",
M-Bia,52.5226379,13.4092318,,"Dircksenstraße 123, 10178 Berlin",
M-BIA,52.5226319,13.4092273,Berlin,"Dircksenstr. 123, 10178 Berlin",
M01,52.4976134,13.4650258,Berlin,"Markgrafendamm 1, 10245 Berlin, Germany",
Maaya,52.5060192,13.4560028,Berlin,"Revalerstr. 99, 10245 Berlin",
MACHmit! Museum,52.5405922,13.42251,,"Senefelder Str. 5, Berlin",
MACHmit! Museum für Kinder,52.5405922,13.42251,,"Senefelderstr. 5, 10437 Berlin",
Mad Monkey Room,52.5411559,13.4127789,,"Danziger Straße 1, 10435 Berlin",
Madame Claude,52.4996096,13.4374056,Berlin,"Lübbener Str. 19, 10997 Berlin, Germany",
Mädchen in MINT,52.512988,13.3829654,,"Wilhelmstraße 52, Berlin",
Madi - Zelt der Sinne,52.5758766,13.2942793,,"Bernhard-Lichtenberg-Pl., 13507 Berlin",
MALI Berlin,52.5646003,13.4039768,,"Florapromenade 4, Berlin",
Manifesto Market Berlin,52.5074713,13.3736934,,,
Margarete-Kubicka-Bibliothek,52.436687,13.4460219,Neukölln,"Gutschmidtstr. 33, 12359, Berlin",
Maria-Rimkus-Haus,52.4309551,13.3472302,Steglitz-Zehlendorf,"Gallwitzallee 53, 12249, Berlin",
Mariannenplatz,52.5038987,13.4254958,,"Mariannenplatz, Berlin",
Marie-Curie-Gymnasium,52.4804931,13.324884,Charlottenburg-Wilmersdorf,"Weimarische Straße 21, 10715, Berlin",
Marienburger Str. / Prenzlauer Allee,52.5359948,13.422388,Pankow,"Marienburger Str. / Prenzlauer Allee, 10405, Berlin ",
Maritim proArte Hotel Berlin,52.5183684,13.3882076,Mitte,"Friedrichstr. 151, 10117, Berlin",
Mark-Twain-Bibliothek / Bezirkszentralbibliothek,52.54722,13.556704,Marzahn-Hellersdorf,"Marzahner Promenade 52-54, 12679, Berlin",
Markt am Maybachufer,52.4954914,13.4208452,,,
Markthalle Neun,52.5022,13.4315,,"Eisenbahnstraße 42/43, Berlin",
Marktstraße,52.5040732,13.4734433,Lichtenberg,"Marktstr. 6, 10317, Berlin",
Marlene Dietrich-Kinosaal im Rathaus Schöneberg,52.4849023,13.3446382,Tempelhof-Schöneberg,"John-F.-Kennedy-Platz, 10825, Berlin",
Marmorbar,52.499,13.435,Berlin,Vor dem Schlesischen Tor 3  10997 Berlin,
martas – Zentrum am Hauptbahnhof,52.526192,13.3635325,,"Lehrter Straße 68, Berlin",
Maschinenhaus in der Kulturbrauerei,52.5393856,13.4137106,,"Knaackstraße 97, 10435 Berlin",
"Maschinenraum Co-Working, Offices & Event Location",52.5328961,13.4096267,,"Zionskirchstraße 73a, 10119 Berlin",
Matrix Club,52.5028375,13.4473204,,"Warschauer Platz 18, 10245 Berlin",
Matrix Club Berlin,52.5046514,13.4493349,,"Warschauer Platz 18, 10245 Berlin",
Mauerpark Flohmarkt,52.5413,13.402,Prenzlauer Berg,"Bernauer Str. 63-64, 13355 Berlin",
"Max-Bill-Schule (OSZ Planen, Bauen, Gestalten)",52.558467,13.4497952,Pankow,"Gustav-Adolf-Straße 66, 13086, Berlin",
Max-Taut-Aula,52.501137,13.4871094,,"Fischerstr. 36, Berlin",
"Max-Taut-Aula, Fischerstr./Schlichtallee",52.501137,13.4871094,Lichtenberg,"Fischerstraße 36, 10317, Berlin",
"Max-Taut-Schule (OSZ Gebäude, Umwelt, Technik)",52.501137,13.4871094,Lichtenberg,"Fischerstraße 36, 10317, Berlin",
Maxim Gorki Theater,52.5190141,13.3950767,,,
Maxxim Club Berlin,52.5019061,13.3308361,,,
MAXXIM CLUB BERLIN,52.5019131,13.3308153,,"Joachimsthaler Straße 15, 10719 Berlin",
Maybachufer,52.4951358,13.423015,,,
Mediale Kraft Berlin,52.5024134,13.4398998,,"Köpenicker Straße 6 A, 10997 Berlin",
Medienkompetenzzentrum Mitte – barrierefrei kommunizieren!,52.512988,13.3829654,,"Wilhelmstraße 52, Berlin",
Mehringhof-Theater,52.4919487,13.3889569,,"Gneisenaustr. 2a, 10961 Berlin",
Mehringplatz,52.4986387,13.3936918,,"Mehringplatz 5, 10969, Berlin",
Mein Freund Harvey,52.4919829,13.3646223,,"Kulmer Straße 20A, 10783 Berlin",
Mendelssohn-Remise am Gendarmenmarkt,52.5145222,13.3949292,,"Jägerstr. 51, 10117 Berlin",
Menlo79 GmbH,52.5097497,13.4247649,,"Wilhelmine-Gemberg-Weg 6d, 10179 Berlin",
Messe Berlin,52.5034485,13.2721989,,,
Messe Berlin - City Cube,52.5001203,13.2707936,Charlottenburg-Wilmersdorf,"Messedamm 26, 14055, Berlin",
Metropol,52.4989399,13.3527048,,"Nollendorfplatz 5, 10777 Berlin",
Metzplatz,52.459162,13.3874582,Tempelhof-Schöneberg,"Metzplatz, 12099, Berlin",
"MGH KiezKultur, Herbartstr. linker Nebeneingang 25 14057 Berlin",52.51,13.285,,,
Mierendorffplatz,52.5263437,13.3047721,,"Mierendorffplatz, 10589, Berlin",
Mierendorffstraße/Tegeler Weg,52.5277092,13.305226,Charlottenburg-Wilmersdorf,"10589, Berlin",
Mies van der Rohe Haus,52.5491617,13.4905287,Lichtenberg,"Oberseestraße 60, 13053, Berlin",
"migas, a listening bar",52.5437369,13.367712,Berlin,Lindower Straße 19 13347 Berlin,
Mime Centrum Berlin,52.5035616,13.4241597,,"Mariannenplatz 2, 10997 Berlin",
Mindspace Krausenstraße,52.5093952,13.3911163,,"Krausenstraße 9-10, 10117 Berlin",
Minimal Bar,52.5164827,13.4639097,Berlin,Rigaer Strasse 31; Friedrichshain; 10247 Berlin; Germany,
MINT-Heldinnen INGenius-Space,52.5138528,13.3258103,,"Straße des 17. Juni 136, Berlin",
Misirlou,52.5423488,13.4208673,Berlin,"Dunckerstraße 10, 10437 Berlin, Germany",
MitKunstZentrale SATELLIT,52.5264732,13.4274133,,"Weinstr. 11, Berlin",
Mitte Museum,52.5510219,13.3800755,Mitte,"Pankstraße 47, 13357, Berlin",
Mittelpunktbibliothek Adalbertstraße Wilhelm-Liebknecht-/Namik-Kemal-Bibliothek,52.4998314,13.4185013,Friedrichshain-Kreuzberg,"Adalbertstraße 2, 10999, Berlin",
Mittelpunktbibliothek Ehm Welk,52.5462021,13.5915108,Marzahn-Hellersdorf,"Alte Hellersdorfer Straße 125, 12629, Berlin",
"Mittelpunktbibliothek Schöneberg ""Theodor-Heuss-Bücherei""",52.4838964,13.3510103,Tempelhof-Schöneberg,"Hauptstraße 40, 10827, Berlin",
Möbel-Olfe,52.495,13.425,Berlin,"Reichenberger Str. 177, 10999 Berlin, Germany",
Mobiles Familienzentrum Friedenau,52.4680081,13.3418144,,"Cranachstraße 7, Berlin",
Modus Berlin,52.5026229,13.4081406,Berlin,"Ritterstraße 24-27, 10969 Berlin",
Molkenmarkt,52.5167422,13.4095495,Mitte,,
Mom's Limousine Service,52.5202628,13.3930814,Berlin,"Georgenstrasse 184, 10117 Berlin",
Monarch,52.499,13.421,Berlin,Skalitzer Strasse 134; Kreuzberg; 10999 Berlin; Germany,
Monarch Bar,52.4992921,13.4194699,,"Skalitzer Straße 134, 10999 Berlin",
Monopol,52.5711856,13.379784,Berlin,"Provinzstraße 40-44, 13409 Berlin, Germany",
Morphine Raum,52.499,13.435,Berlin,"Köpenicker Straße 147, Hinterhof 1. Etage, 10997 Berlin",
MotionLab.Berlin,52.4936476,13.448235,,"Bouchéstraße 12 #Halle 20, 12435 Berlin",
Mouse & Bear Books,52.5080437,13.4667893,,"Boxhagener Straße 51, Berlin",
Moviemento Kino,52.4903342,13.4234006,,"Kottbusser Damm 22, Berlin",
Möwensee-Schule,52.5548181,13.3347406,Mitte,"Afrikanische Str. 123, 13351, Berlin",
Museum Barberini,52.395233,13.0618998,,"Humboldtstr. 5-6, 14467 Potsdam",
Museum Barberini Potsdam,52.3959562,13.0610696,,"Alter Markt, Potsdam",
Museum Charlottenburg-Wilmersdorf in der Villa Oppenheim,52.5161776,13.2980758,Charlottenburg-Wilmersdorf,"Schloßstr. 55, 14059, Berlin",
Museum Ephraim-Palais,52.5158704,13.4071942,,"Poststraße 16, Berlin",
Museum für Kommunikation,52.5099308,13.3872552,,"Leipziger Str. 16, 10117 Berlin",
Museum für Kommunikation Berlin,52.5099308,13.3872552,,"Leipziger Str. 16, Berlin",
Museum für Naturkunde Berlin,52.5304903,13.3791152,,"Invalidenstr. 43, Berlin",
Museum Knoblauchhaus,52.5163822,13.4069252,,"Poststraße 23, Berlin",
Museum Lichtenberg im Stadthaus,52.5028926,13.4809873,Lichtenberg,"Türrschmidtstr. 24, 10317, Berlin",
Museum Nikolaikirche,52.5168271,13.4075123,,"Nikolaikirchplatz, Berlin",
Museum Pankow,52.5642159,13.4024573,,"Heynstr. 8, 13187 Berlin",
Museum Pankow - Kultur- und Bildungszentrum Sebastian Haffner,52.5333155,13.4202437,Pankow,"Prenzlauer Allee 227/228, 10405, Berlin",
Museum Pankow / Haffner Zentrum,52.5333155,13.4202437,,"Prenzlauer Allee 227-228, Berlin",
"Museum Pankow, Standort Heynstraße",52.5642159,13.4024573,Pankow,"Heynstraße 8, 13187, Berlin",
Museum Reinickendorf,52.6154573,13.3186825,,"Alt-Hermsdorf 35, 13467 Berlin",
Museum Treptow,52.443532,13.5022688,Treptow-Köpenick,"Sterndamm 102, 12487 , Berlin",
museumfuernaturkunde.berlin,52.5304,13.3797,,,
Museumsdorf Düppel,52.4254973,13.2333054,,"Clauertstraße 11, Berlin",
Museumsinsel,52.5172626,13.3988844,,,
Museumsinsel Berlin,52.5180166,13.3993794,,,
Museumspark Rüdersdorf,52.4758497,13.7780451,,"Heinitzstr. 9, Rüdersdorf",
Musikbrauerei,52.5306542,13.4286665,,"Greifswalder Str. 23 a, Berlin",
Musikinstrumenten-Museum,52.5104782,13.3708207,,"Ben-Gurion-Straße 1, Berlin",
musikplus! - Musikschule am Lietzensee,52.5040103,13.2947073,,"Friedbergstr. 23, Berlin",
Musikschule,52.5132499,13.2709747,Charlottenburg-Wilmersdorf,"Platanenallee 16, 14050, Berlin",
Musikschule Béla Bartók,52.5752855,13.4099938,Pankow,"Am Schloßpark 20, 13187, Berlin",
"Musikschule Béla Bartók, Standort Senefelderstr.",52.5405442,13.4235188,Pankow,"Senefelderstr. 6, 10435, Berlin",
"Musikschule Béla Bartók, Standort Weißensee",52.555,13.47,Pankow,"Bizetsraße 27, 13088, Berlin",
"Musikschule City West, Platanenallee, Raum 008",52.5132499,13.2709747,Charlottenburg-Wilmersdorf,"Platanenallee 16, 14050, Berlin",
Musikschule Köpenick,52.4480138,13.5765416,Treptow-Köpenick,"Freiheit 15, 12555, Berlin",
"Musikschule, Konzertsaal",52.5132499,13.2709747,Charlottenburg-Wilmersdorf,"Platanenallee 16, 14050, Berlin",
Muting The Noise,52.4940352,13.3980598,Berlin,"Blücherstrasse 22, 10961 Berlin, Germany",
Myer’s Hotel,52.5312795,13.4178789,Pankow,"Metzer Straße  26, 10405 , Berlin",
MySenses – Raum für Bewegung,52.5320157,13.4251685,,"Immanuelkirchstraße 11, Berlin",
n.b.k.,52.5277487,13.3862025,,"Chausseestr. 128-129, 10115 Berlin",
"Nachbarschafts- und Familienzentrum ""Kiek in""",52.5703933,13.571178,Marzahn-Hellersdorf,"Rosenbecker Str. 25-27, 12689, Berlin",
Nachbarschaftshaus am Lietzensee,52.5039867,13.2866508,,,
Nachbarschaftshaus Friedenau,52.4664204,13.3345426,,"Holsteinische Str. 30, 12161 Berlin",
Nachbarschaftshaus Rabenhaus e.V.,52.4546904,13.5793944,Treptow-Köpenick,"Puchanstraße 9, 12555, Berlin",
Nachbarschaftshaus Urbanstraße,52.4929721,13.4075946,,,
Natur Park Schöneberger Südgelände,52.4586407,13.3550907,,"Priesterweg/Prellerweg, Berlin",
Natur Park Südgelände,52.459052,13.3564641,,,
Naturhof Berlin-Malchow,52.579072,13.4817486,,"Dorfstr. 35, Berlin",
Naturkundemuseum Potsdam,52.3959364,13.0508159,,"Breite Straße 13, Potsdam",
Naturschutzstation Malchow,52.579072,13.4817486,Lichtenberg,"Dorfstr. 35, 13051, Berlin",
Naturschutzzentrum Ökowerk,52.4918202,13.2361335,,"Teufelsseechaussee 22, Berlin",
Naturschutzzentrum Schleipfuhl,52.5297177,13.6118636,,"Hermsdorfer Str. 11 A, Berlin",
Neue Kant Kinos,52.5067663,13.3084282,,"Kantstrasse 54, Berlin",
Neue Nationalgalerie,52.5070409,13.3676212,,"Potsdamer Str. 50, 10785 Berlin",
Neue Schönholzer Str. 3,52.5685306,13.4014993,,"Neue Schönholzer Straße 3, 13187 Berlin",
Neue Zukunft,52.4975412,13.4659139,,"Alt-Stralau 68, 10245 Berlin",
"Neuer Garten, Marmorpalais",52.4220341,13.0697261,,"Im Neuen Garten 10, Potsdam",
Neuer Marstall,52.5163002,13.4039255,,,
Neues Museum,52.520862,13.3982661,,"Bodestr. 1–3, 10178 Berlin",
Neues Palais,52.3987125,13.0127319,,"Park Sanssouci, 14469 Potsdam",
Neuköllner Oper,52.4775631,13.439333,,"Karl-Marx-Str. 131-133, 12043 Berlin",
Neustädter Gestüte,52.8466,12.4505,,,
Nikolaisaal Potsdam,52.3964,13.0613,,"Wilhelm-Staab-Straße 10-11, Potsdam",
Nikolaiviertel Berlin-Mitte,52.5167871,13.4067728,,,
NIRGENDWO Umwelt- & Kulturort,52.508773,13.4472246,,"Helsingforser Str. 10, Berlin",
NochMall,52.5688812,13.327874,,"Auguste-Viktoria-Allee 99, 13403 Berlin",
Nollendorfplatz,52.4995972,13.3537297,,"Nollendorfplatz, 10777 Berlin",
Nostitzstraße 6-7,52.4933385,13.3908155,,"Nostitzstraße 6-7, 10961 Berlin",
Nourished Collective,52.4881765,13.4603813,,"Moosdorfstraße 7-9, 12435 Berlin",
Nowkoelln Flowmarkt,52.4875,13.426,Neukölln,"Maybachufer, 12047 Berlin",
Oberlin-Seminar,52.4367396,13.3128155,Steglitz-Zehlendorf,"Tietzenweg 130, 12203, Berlin",
Oblomov Kreuzkoelln,52.4899923,13.4260483,,"Lenaustraße 7, 12047 Berlin",
Offenes Wohnzimmer,52.5290197,13.3329358,,"Waldenserstraße 13, 10551 Berlin",
OHM,52.5106807,13.419484,Berlin,"Köpenicker Str. 70, 10179 Berlin, Germany",
Ohma Studio,52.5131703,13.4570035,,"Boxhagener Straße 110, 10245 Berlin",
Ökomarkt Chamissoplatz,52.4886,13.3897,Kreuzberg,"Chamissoplatz, Kreuzberg",
Ökowerk,52.4918202,13.2361335,,,
Olivaer Platz,52.4994489,13.3146303,Charlottenburg-Wilmersdorf,"Olivaer Pl., 10707, Berlin",
Olympiastadion Berlin,52.5145846,13.2398144,Charlottenburg-Wilmersdorf,"Olympischer Platz 3, 14053, Berlin",
online,52.503362,13.4366916,Mitte,,
Online,52.503362,13.4366916,Charlottenburg-Wilmersdorf,,
Online ( Berlin Steglitz-Zehlendorf),52.4109359,13.2758801,Steglitz-Zehlendorf,,
Online Veranstaltung Ernährungsstrategie,52.4858707,13.3428545,Tempelhof-Schöneberg,"Salzburger Straße 21-25, 10825, Berlin",
Orangerie Neukólln,52.4708958,13.4368213,,,
Orangerie Neukölln,52.4707745,13.4368053,Berlin,"Schierker Str. 8, 12051 Berlin, Germany",
Orania.Berlin,52.5022769,13.4169251,,"Oranienpl. 17, 10999 Berlin",
Oranienburger Str. 4,52.5240124,13.4010721,,"Oranienburger Straße 4, 10178 Berlin",
Oranienstraße,52.5015766,13.4182217,,"Oranienstr., Berlin",
OST,52.4970527,13.4650639,Berlin,"Alt-Stralau, 1-2 Friedrichshain 10245",
Ostseestraße,52.5507815,13.4325125,Pankow,"Ostseestraße 23, 10409, Berlin ",
Other Nature,52.4926909,13.3821342,,"Yorckstraße 75, 10965 Berlin",
Otto-von-Guericke-Oberschule,52.4923981,13.3052388,Charlottenburg-Wilmersdorf,"Eisenzahnstraße 47, 10709, Berlin",
Outdoor,52.4849722,13.4964701,Marzahn-Hellersdorf,,
OXI,52.5076121,13.4749435,Berlin,"Wiesenweg 1-4, 10365 Berlin",
P61 Gallery,52.501,13.369,Berlin,"Potsdamer Str. 61, 10785 Berlin, Germany",
Pablo-Neruda-Bibliothek,52.514551,13.4570531,Friedrichshain-Kreuzberg,"Frankfurter Allee 14 A, 10247, Berlin",
Pace Gallery,52.4979587,13.3600919,,"Bülowstr. 18, 10783 Berlin",
Paint your Style Charlottenburg,52.5042007,13.3201013,,"Bleibtreustr. 46, Berlin",
Palais Lichtenau,52.4061326,13.0655741,,"Kurfürstenstr. 40, 14467 Potsdam",
PalaisPopulaire,52.5171465,13.3961451,,"Unter den Linden 5, Berlin",
Palast der Künste,52.5803779,13.429358,,"Prenzlauer Promenade 149-152, Berlin",
Palisadenstraße 48,52.5179965,13.4402067,,"Palisadenstraße 48, 10243 Berlin",
Paloma,52.4992586,13.4191407,Berlin,"Skalitzer Str. 135, 10999 Berlin",
Pan Am Lounge,52.5049884,13.3395456,,,
PANDA platforma,52.5395694,13.4136898,,"Knaackstraße 97, (im kleinen Hof der Kulturbrauerei) (im kleinen Hof der Kulturbrauerei), 10435 Berlin",
Panke,52.5449968,13.3742384,Berlin,"Gerichtstraße 23, 13347 Berlin",
Pankebuch,52.569447,13.3991522,,,

# Total: 1000 venues
Pankebuch – Die schönsten Bücher des Nordens,52.569,13.405,,,
Park am Gleisdreieck,52.5016445,13.3722927,,"Ladestraße, Berlin",
Park Inn by Radisson Berlin Alexanderplatz Hotel,52.522811,13.4131023,,"Alexanderplatz 7, 10178 Berlin",
Parkeisenbahn Wuhlheide,52.4581118,13.5434354,,"An der Wuhlheide 189, Berlin",
Parochialkirche,52.5170243,13.4129974,,,
Passionskirche,52.4894811,13.3971822,,"Marheinekeplatz 1, Berlin",
Pastiche,52.484415,13.4384818,Berlin,"Weserstr 46, 12045, Berlin",
Paul Gerhardt Stift zu Berlin,52.5543066,13.3470743,Mitte,"Müllerstraße 56 - 58, 13349, Berlin",
Paul-Heyse-Str. 26,52.5291907,13.4526523,Pankow,"Paul-Heyse-Str. 26, 10407, Berlin ",
Paul-Lincke-Ufer 40,52.49616,13.422081,,"Paul-Lincke-Ufer 40, 10999 Berlin",
Paul-Schneider-Grundschule,52.430855,13.3410694,Steglitz-Zehlendorf,"Seydlitzstraße 30, 12249, Berlin",
Paul-Schneider-Haus,52.5469145,13.2028275,Spandau,"Schönwalder Straße 23, 13585, Berlin",
Pelikan-Haus,52.5011993,13.4117005,,"Ritterstraße 9-10, 10969 Berlin",
Peppi Guggenheim,52.4842307,13.4331894,,,
Pergamonmuseum. Das Panorama,52.5213223,13.3936681,,"Am Kupfergraben 2, Berlin",
PETER EDEL,52.5509153,13.4615708,,,
PETER'S,52.5163,13.389,Berlin,"Am Tacheles, Friedrichstr. 110a, 10117",
Petersburger Pl. 4,52.5212913,13.4496958,,"Petersburger Platz 4, 10249 Berlin",
PETRI Berlin,52.5131655,13.4037848,,"Kleine Gertraudenstraße 8, Berlin",
Petruskirche Lichterfelde,52.4249914,13.3280475,,"Oberhofer Pl. 2, 12209 Berlin",
Pfaueninsel,52.4257234,13.120392,,"Nikolskoer Weg, Berlin",
Pfefferberg Haus 13,52.531842,13.410998,,"Schönhauser Allee 176, 10119 Berlin",
Pfefferberg Theater,52.531674,13.411322,,"Schönhauser Allee 176, Berlin",
Pfefferwerk,52.5315158,13.410782,Pankow,"Christinenstr 18-19, 10119, Berlin",
